順位,名前,点数
2671,ケル,250
858,パル,250
1437,ルック,193
1713,ラック,193
1807,レック,193
3446,ケイブ,193
243,カネカ,186
60,リコー,183
1109,リケン,183
2177,カンロ,183
651,ベルク,183
2818,カルラ,176
1365,ポプラ,176
1135,フコク,176
2896,理経,176
1146,コナカ,176
2557,クレオ,176
317,クラレ,176
412,コクヨ,176
875,ブルボン,170
2570,クイック,167
1742,パレモ,166
430,パルコ,166
690,クレハ,166
2869,きちり,166
3229,レカム,166
2344,マルコ,166
1087,コロナ,166
2470,ミロク,166
2778,ムラキ,166
2223,ヒラキ,166
3560,パルマ,166
1300,パスコ,166
2649,パラカ,166
2984,ニレコ,166
391,コメリ,166
1853,キムラ,166
2188,シャルレ,160
3130,歌舞伎座,157
425,丸文,157
3319,カヤック,152
2038,コックス,152
904,カドカワ,152
3374,キタック,152
2074,クルーズ,150
3408,ラクーン,150
498,カルビー,150
488,グローリー,148
3007,タカキタ,147
1668,リリカラ,147
3133,オリコン,145
228,楽天,145
1747,リックス,145
1741,カンセキ,145
1181,カプコン,145
3246,ピープル,145
819,クオール,145
507,アルペン,145
1128,タキロン,145
2728,ショクブン,142
2927,クックパッド,141
1113,高速,140
2572,ササクラ,140
2953,中広,140
2007,コンテック,138
3252,クボテック,138
2033,コーセル,137
3251,プラコー,137
2945,ロジコム,137
3467,コラボス,137
2875,ドリコム,137
1884,トーカロ,137
2787,ベクトル,137
207,フジクラ,137
2564,ラピーヌ,137
3404,レアジョブ,136
2962,ベリサーブ,136
1236,シーキューブ,136
3325,アークコア,134
1258,キーコーヒー,133
1081,エレコム,132
2079,ソレキア,132
2637,コンセック,132
1241,ニチレキ,132
600,アルバック,132
3140,加地テック,132
3310,イトクロ,132
2585,アクセル,132
2856,興研,132
678,キタムラ,132
1261,黒谷,132
3097,リニカル,132
998,古野電気,132
2628,タカトリ,132
2624,セレスポ,132
476,エクセル,132
2689,ピエトロ,132
1756,森組,132
2428,魚喜,132
642,エフピコ,132
3398,カワサキ,132
2782,パピレス,132
971,アキレス,132
1983,エスクリ,132
3479,ロックオン,132
1919,クレスコ,132
242,キユーピー,132
542,リンテック,132
427,アスクル,132
1293,コロプラ,132
3117,ブイキューブ,131
510,極洋,128
3528,エコミック,128
815,トランコム,128
3120,キムラタン,128
299,関電工,128
2846,ザッパラス,126
3491,リンクバル,126
1898,タカキュー,126
3548,クリムゾン,126
1000,ザ・パック,126
3557,リボミック,126
3332,テリロジー,126
3159,リブセンス,126
987,トリドール,126
2698,まんだらけ,126
3307,ピクセラ,125
2820,ぱど,125
2720,ハブ,125
1150,久世,125
3498,ピクスタ,125
1065,ゼロ,125
1595,ソルコム,125
1648,カカクコム,124
420,コネクシオ,124
3299,日本ラッド,124
1916,ラックランド,123
345,キッコーマン,123
872,都築電気,123
708,福田組,122
1506,アルインコ,122
1697,多木化学,122
409,アルパイン,122
2539,アルデプロ,122
673,米久,122
864,富士機工,122
630,日油,122
2905,きょくとう,122
1337,ラオックス,122
64,オリックス,122
2310,アルテック,122
560,クラリオン,122
2510,極楽湯,122
1702,エスペック,122
654,サンケン電気,121
449,リコーリース,120
956,ベルパーク,120
3028,進学会,120
2075,ケンコーコム,120
1646,サンコール,120
3016,かんなん丸,120
2971,ブロッコリー,118
3278,日本研紙,118
2801,日本坩堝,118
383,黒田電気,118
1650,オーデリック,118
2701,ミライアル,118
2575,文溪堂,118
46,日本電気,117
2553,理研グリーン,117
1490,日鍛バルブ,117
2569,パスポート,116
100,京セラ,116
2722,リヒトラブ,116
1268,大塚家具,116
818,カノークス,116
1190,スクロール,116
602,コロワイド,116
2855,リベレステ,116
2186,鳥貴族,116
1849,瑞光,116
810,クリナップ,116
503,ナブテスコ,116
1838,靜甲,116
3257,ニチリョク,116
186,オリンパス,116
1015,マルキョウ,116
1863,クロップス,116
765,ぴあ,115
2166,コア,115
2618,ソルクシーズ,115
3344,ブレインパッド,115
1882,ビケンテクノ,115
2258,日置電機,115
2551,レイ,115
2517,アールシーコア,115
1003,理研ビタミン,114
2763,スーパーツール,114
479,ホシザキ電機,114
1298,田淵電機,113
35,ブリヂストン,113
3044,価値開発,113
2756,フレンドリー,113
526,ヒューリック,113
2326,西部電機,113
3442,ブランジスタ,113
3149,リアルコム,112
1356,コンドーテック,112
2169,ブロードリーフ,112
522,神戸物産,112
2282,古林紙工,112
1627,オリジン電気,112
3550,リプロセル,112
3345,ラ・アトレ,112
824,セブン銀行,112
2357,レーザーテック,112
1831,クリエイト,112
2205,エリアリンク,111
1890,高知銀行,111
933,バンドー化学,111
1775,新日本理化,111
3253,地域新聞社,111
688,鉄建建設,111
3270,アクアライン,111
3164,神田通信機,111
2052,理研計器,111
1320,北陸瓦斯,111
3168,明治機械,111
1461,四国銀行,111
2550,こころネット,111
3452,インスペック,110
1286,ダイコク電機,110
1856,大伸化学,110
1709,フマキラー,110
1788,サンエー化研,110
1061,ファンケル,110
2872,森尾電機,110
2522,フルスピード,110
548,ユタカ技研,110
772,ヒロセ電機,110
178,ビックカメラ,110
2639,櫻護謨,110
633,パーク２４,110
3506,ホットリンク,110
2259,イーレックス,110
2287,くろがねや,110
2422,技研興業,110
392,九電工,110
2643,カナレ電気,110
387,江崎グリコ,110
3036,スノーピーク,110
1409,ダイナパック,110
1218,スーパーバリュー,108
694,ダイドードリンコ,108
2454,ブロンコビリー,108
1096,グローブライド,108
160,マルハニチロ,108
1835,デリカフーズ,108
3264,フルッタフルッタ,108
2242,ケイティケイ,108
2219,新日本科学,107
2455,日本アクア,107
87,鹿島建設,107
2464,日本トリム,107
1369,ハークスレイ,106
1452,日本金属,106
986,日本管財,106
3461,アクロディア,106
1434,長野計器,106
1044,日本電計,106
3243,アイレックス,106
2373,クレステック,106
3234,小田原機器,106
173,日立建機,106
3116,タケダ機械,106
2631,トランザクション,106
96,三井化学,106
2538,高田機工,106
2342,ホクリヨウ,106
2611,プロパスト,106
2252,安楽亭,106
1908,ポラテクノ,106
3627,日本銀行,106
936,亀田製菓,106
2811,シンクレイヤ,106
1518,中村屋,106
3450,テラスカイ,106
591,エレマテック,106
1468,筑波銀行,105
1593,デジタルガレージ,105
3088,ソフトブレーン,105
660,日本道路,105
2063,空港施設,105
2490,昭文社,105
2985,ＪＢイレブン,105
2706,フジコピアン,105
3587,メドレックス,105
1082,月島機械,105
755,佐鳥電機,105
3211,モブキャスト,105
2053,テラプローブ,105
2584,ナカボーテック,105
3035,ロブテックス,105
3129,原弘産,104
1748,ダイキアクシス,104
239,光通信,104
2636,日東化工,104
2959,コーセーアールイー,104
3324,雑貨屋ブルドッグ,104
1469,日本ピグメント,104
2142,日本ライトン,103
674,中部飼料,103
1046,澁谷工業,103
1396,マルカキカイ,103
1744,ブロードバンドタワー,103
546,奥村組,103
171,岡谷鋼機,103
665,井関農機,103
782,日本ケミコン,103
3196,シンポ,103
2964,ニッパンレンタル,103
1047,日本新薬,103
1393,電気興業,102
2882,銀座ルノアール,102
1383,秋田銀行,102
1605,ドクターシーラボ,102
2401,キャリアリンク,102
1799,日本カーボン,102
760,文化シヤッター,102
1306,ゼンリン,102
2775,日本コンベヤ,102
1777,美樹工業,102
964,エスケー化研,102
3336,リアルワールド,102
2544,愛光電気,102
1359,富士急行,102
1574,新晃工業,102
3045,プラップジャパン,102
285,きんでん,102
2155,新コスモス電機,102
1219,石塚硝子,102
2335,工藤建設,102
893,アオキスーパー,102
1094,紀陽銀行,102
3540,ナノキャリア,101
1250,プラマテルズ,101
2493,クラウディア,101
3502,マークラインズ,101
3629,ポケットカード,101
1886,タカラバイオ,101
1989,レオン自動機,101
2484,ネプロジャパン,101
692,タカラトミー,101
2797,アサカ理研,101
2842,モリテックス,101
3330,アクトコール,101
1233,ココスジャパン,101
649,日本化薬,101
2664,パウダーテック,101
1115,信越ポリマー,101
11,パナソニック,101
1404,東京インキ,101
1066,タカラレーベン,101
2991,キャリアバンク,101
1522,六甲バター,101
747,スルガ銀行,101
2683,一六堂,101
3544,パス,100
3064,テクノクオーツ,100
814,京都銀行,100
2531,セキ,100
1004,カネ美食品,100
463,鴻池運輸,100
2330,水道機工,100
206,四国電力,100
2025,近畿車輛,100
530,静岡銀行,100
3121,理研コランダム,100
1783,油研工業,100
3057,リード,100
1997,アジア航測,100
3041,コモ,100
1665,帝国繊維,100
117,日本航空,100
1274,澁澤倉庫,100
2859,高木証券,100
950,グリー,100
1256,日本バイリーン,100
3484,カーディナル,100
1625,小松精練,100
3538,ガーラ,100
1097,北國銀行,100
3532,ランド,100
333,デンカ,100
2054,図研,100
1120,北野建設,100
3068,ホーブ,100
2975,コタ,100
426,近鉄百貨店,100
3621,全国保証,100
779,東芝機械,100
2865,日本テレホン,100
2249,鳥取銀行,100
2172,日本エスコン,100
2466,キング,100
1562,日本ロジテム,100
3589,北弘電社,100
3427,テラ,100
2352,アイ・ケイ・ケイ,100
2852,グリーンランドリゾート,99
147,日立金属,98
1546,モリ工業,98
1844,インテリックス,98
2220,サンコーテクノ,98
489,日本精機,98
3236,レントラックス,98
3008,富士変速機,98
2230,川岸工業,98
3014,東京衡機,98
1229,岩崎電気,98
905,日本毛織,98
2926,不二ラテックス,98
3333,光彩工芸,98
2250,よみうりランド,98
2304,曽田香料,98
324,丸井グループ,98
1373,福井銀行,98
1101,クロスプラス,98
1891,日本精化,98
256,三菱瓦斯化学,98
1824,魚力,98
3293,小林洋行,98
2458,金下建設,98
1817,綜研化学,98
2457,セブン工業,98
1721,ウィルグループ,98
1610,日本化成,98
1042,百五銀行,98
1196,名港海運,98
1618,小倉クラッチ,98
1960,ロックペイント,98
3566,花月園観光,98
2476,日本ユピカ,98
357,スタンレー電気,98
2783,鉱研工業,98
1998,ラサ工業,98
2548,精工技研,98
734,日立工機,98
1482,中野冷機,98
1182,藤田観光,98
2939,サンケイ化学,98
3552,石垣食品,98
2944,永大化工,97
2029,岩塚製菓,97
2474,東京汽船,97
3103,ローヤル電機,97
2712,セーラー広告,97
2792,特殊電極,97
2836,川崎地質,97
2751,ペッパーフードサービス,97
2183,筑邦銀行,97
2622,グリーンクロス,97
364,関西ペイント,97
869,木徳神糧,97
776,シロキ工業,97
322,横河電機,97
717,アイカ工業,97
1447,共和レザー,97
2843,データリンクス,97
1251,北越銀行,97
2530,神戸発動機,97
1237,カネコ種苗,97
1551,みちのく銀行,97
3376,フュートレック,97
2106,大阪工機,97
598,三機工業,96
2485,キューブシステム,96
1800,協立電機,96
76,神戸製鋼所,96
1879,ケネディクス,96
1484,中部鋼鈑,96
1049,ファルテック,96
3128,ＧＭＯペパボ,96
3501,図研エルミック,96
1622,グルメ杵屋,96
1924,池上通信機,96
1686,パンチ工業,96
3472,小島鉄工所,95
2302,ブルドックソース,95
763,小林製薬,95
3217,光陽社,95
2521,東海汽船,95
1555,日華化学,95
1138,藤倉化成,95
1990,寿スピリッツ,95
1485,東京計器,95
2100,丸三証券,95
2931,シグマ光機,95
373,カシオ計算機,95
1671,三菱化工機,95
1246,薬王堂,95
2634,グローバルダイニング,95
707,サカタインクス,95
2437,バリューコマース,95
996,名工建設,95
623,倉敷紡績,95
2523,ブロードメディア,95
2430,宝印刷,95
2915,ミクロン精密,95
1299,千葉興業銀行,95
2554,レッグス,95
2692,テクノメディカ,95
286,オリエンタルランド,95
112,川崎汽船,95
2268,リンコーコーポレーション,94
626,大建工業,94
2395,東亜ディーケーケー,94
2399,センコン物流,94
1276,琉球銀行,94
341,日本触媒,94
74,ダイキン工業,94
3367,ペプチドリーム,94
2125,リゾートソリューション,94
226,大塚商会,94
1170,デクセリアルズ,94
780,中国銀行,94
2799,クロスキャット,94
2467,日本興業,94
1346,日本リーテック,94
1221,ケンコーマヨネーズ,94
2540,アピックヤマダ,94
2,本田技研工業,94
733,イーグル工業,94
3316,テクノ・セブン,94
1330,タカギセイコー,94
558,セントラル硝子,93
194,ブラザー工業,93
1328,アーク,93
203,日立物流,93
2746,浅香工業,93
177,日揮,93
1034,日本工営,93
2732,メック,93
3176,セック,93
1308,平田機工,93
2337,尾張精機,93
162,ニコン,93
2754,日建工学,93
965,三浦工業,93
2354,東北銀行,93
2981,テクニカル電子,93
2009,さくらケーシーエス,93
519,河西工業,93
2676,東京會舘,93
879,西尾レントオール,93
3434,情報企画,93
2412,兵機海運,93
1006,ナック,93
1456,中山福,93
816,東海カーボン,93
111,大東建託,93
1114,京葉銀行,93
813,トレンドマイクロ,93
808,キッツ,93
2861,エラン,93
371,すかいらーく,93
797,リゾートトラスト,93
1682,一正蒲鉾,93
2200,福島銀行,93
2119,昭和パックス,93
3356,リスクモンスター,93
1149,岡部,93
2180,リオン,93
2796,ネポン,93
2630,ニッキ,93
1500,ニッピ,93
1757,栄研化学,93
3337,オルトプラス,93
1214,中央化学,93
3635,丸八証券,93
429,富士通ゼネラル,93
758,広島銀行,93
1189,東京鐵鋼,93
742,大黒天物産,93
3214,東邦金属,93
2809,シリコンスタジオ,93
2440,極東証券,92
972,萩原電気,92
2629,日本コンセプト,92
2160,木村化工機,92
1926,北日本銀行,92
2173,技研製作所,92
1674,津田駒工業,92
722,新光電気工業,92
2016,川西倉庫,92
1534,アリアケジャパン,92
2860,コーアツ工業,92
2055,北越メタル,92
3631,豊和銀行,92
3003,太陽工機,92
2914,サンワカンパニー,92
472,トピー工業,92
1953,遠州トラック,92
2989,和弘食品,92
3078,エイケン工業,92
145,コニカミノルタ,92
1590,三共生興,92
67,日鉄住金物産,92
1563,シノケングループ,92
754,あおぞら銀行,92
839,東光高岳,92
448,クレディセゾン,92
1560,原田工業,92
3089,丸八倉庫,92
2700,スリープログループ,92
2116,スバル興業,92
617,古河機械金属,92
3109,リバーエレテック,92
2316,ジョリーパスタ,92
1323,宮崎銀行,92
1895,日本ライフライン,92
253,北陸電力,92
2709,アトムリビンテック,92
3259,アクセルマーク,91
1278,ノーリツ鋼機,91
38,関西電力,91
2529,中国工業,91
251,沖電気工業,91
1558,オーハシテクニカ,91
1228,パイオラックス,91
2150,エー・ピーカンパニー,91
57,住友化学,91
2980,クリエアナブキ,91
2433,テー・オー・ダブリュー,91
2434,黒田精工,91
3389,大和コンピューター,91
450,カワチ薬品,91
943,科研製薬,91
361,興銀リース,91
2305,東海染工,91
764,十六銀行,91
605,タカラスタンダード,91
1588,太陽化学,91
555,アルコニックス,91
15,東京電力,91
319,コスモス薬品,91
2608,エージーピー,91
2668,アルメタックス,91
682,丸一鋼管,91
1944,日阪製作所,91
952,リケンテクノス,91
1340,パーカーコーポレーション,91
990,椿本興業,91
1122,ダンロップスポーツ,91
2445,ハーバー研究所,91
404,協和エクシオ,91
1931,岩崎通信機,91
1542,徳倉建設,91
3012,菊池製作所,91
981,リテールパートナーズ,91
3265,倉庫精練,91
2904,日本エアーテック,91
3158,北川精機,91
3213,国際チャート,90
2725,日本ギア工業,90
1491,共立印刷,90
3262,アクリーティブ,90
2447,日本精鉱,90
783,日本プラスト,90
984,大倉工業,90
78,九州電力,90
2224,東京都競馬,90
401,横浜銀行,90
1349,青森銀行,90
2065,三京化成,90
3255,シベール,90
954,山洋電気,90
1666,北越工業,90
652,日本オラクル,90
408,京阪電気鉄道,90
1358,極東貿易,90
535,オートバックスセブン,90
3141,ニッコウトラベル,90
1002,ライト工業,90
1273,アイセイ薬局,90
1476,北雄ラッキー,90
1654,未来工業,90
1586,関東電化工業,90
541,コーセー,90
1254,日本農薬,90
2857,互応化学工業,90
1007,富士機械製造,90
1734,サンリン,90
189,アルプス電気,90
490,パソナグループ,90
444,東急建設,90
941,市光工業,90
2109,アルプス技研,90
1362,沖縄銀行,90
349,ヤクルト本社,90
2044,フルヤ金属,90
1021,ワンダーコーポレーション,90
625,ケーヨー,90
1234,フェローテック,90
1321,ピーシーデポコーポレーション,90
1815,リンクアンドモチベーション,90
1167,穴吹興産,90
328,安川電機,90
1640,日本精蝋,90
1313,日本ピストンリング,90
150,日本精工,90
2378,ヒラノテクシード,90
2658,高砂鐵工,90
3015,日本プロセス,90
1289,古河電池,90
716,北洋銀行,90
577,栗田工業,90
2674,三信建設工業,90
3563,北日本紡績,90
1296,ロジネット　ジャパン,90
2542,日本フエルト,90
2392,瀧上工業,90
2667,鉄人化計画,90
728,サーラコーポレーション,90
1841,日本金銭機械,90
2604,ファーストブラザーズ,90
1818,神鋼鋼線工業,90
2113,内外トランスライン,89
273,大同特殊鋼,89
2384,ショーエイコーポレーション,89
852,富士通フロンテック,89
1009,新興プランテック,89
2845,カッシーナ・イクスシー,89
2442,ドリームインキュベータ,89
2390,天昇電気工業,89
2218,ムロコーポレーション,88
2587,北川工業,88
2293,プロスペクト,88
1793,シライ電子工業,88
2586,竹本容器,88
1969,豊和工業,88
3242,桜井製作所,88
2748,サイバーリンクス,88
3465,エリアクエスト,88
2769,石川製作所,88
2355,南海プライウッド,88
1210,協栄産業,88
3047,ゼネラルパッカー,88
2156,シュッピン,88
2501,兼松日産農林,88
923,くらコーポレーション,88
2018,萩原工業,88
2190,東北特殊鋼,88
2046,那須電機鉄工,88
3177,テクノスジャパン,88
3531,アイリッジ,88
2050,ロンシール工業,88
2525,ジャパンマテリアル,88
2583,桂川電機,88
3181,共同ピーアール,88
2956,スガイ化学工業,88
2560,丸尾カルシウム,88
2424,日本鋳鉄管,88
1453,ロイヤルホテル,88
3366,ルーデン・ホールディングス,88
2519,東部ネットワーク,88
1927,サカイオーベックス,88
496,丸大食品,88
1106,若築建設,88
1952,日本フイルコン,88
2087,日本セラミック,88
2910,エスケイジャパン,88
1291,帝国ホテル,88
2062,プロネクサス,88
1493,あすか製薬,88
1571,エーアンドエーマテリアル,88
2154,南日本銀行,88
669,日立マクセル,88
1728,中京銀行,88
3353,アルファポリス,88
846,黒崎播磨,88
531,南海電気鉄道,88
506,三信電気,87
572,日本電気硝子,87
1764,日本エスリード,87
2986,岡本硝子,87
1821,ディーブイエックス,87
666,スターツコーポレーション,87
2234,アークランドサービス,87
102,三菱マテリアル,87
195,小糸製作所,87
1217,日特建設,87
2661,杉村倉庫,87
1576,健康コーポレーション,87
1099,日本シイエムケイ,87
2734,京極運輸商事,87
1784,日本管理センター,87
2327,東邦レマック,87
653,日本光電工業,87
2617,京都ホテル,87
70,小松製作所,87
1480,鳥居薬品,87
1407,高周波熱錬,87
601,森永製菓,87
1018,ピジョン,87
486,リョービ,87
2648,赤阪鐵工所,87
3383,ポバール興業,87
3444,エクストリーム,87
2266,光村印刷,87
2366,名古屋電機工業,87
1088,エコートレーディング,87
2091,大成ラミック,87
3284,フリークアウト,87
2858,名機製作所,87
2269,東京鋼鐵,87
1810,リックコーポレーション,87
2758,兼松エンジニアリング,87
2017,日本基礎技術,87
3208,中日本鋳工,87
2415,東海リース,87
262,レンゴー,87
3216,不二電機工業,87
2195,テクマトリックス,87
1197,ゲンキー,87
41,中部電力,86
1801,生化学工業,86
2210,伊勢化学工業,86
929,関西アーバン銀行,86
812,コニシ,86
3172,アイロムグループ,86
1789,三協フロンテア,86
2713,ウライ,86
3052,マネーパートナーズグループ,86
564,プレス工業,86
1582,ダイトエレクトロン,86
2088,ビーアールホールディングス,86
2368,京阪神ビルディング,86
3622,今村証券,86
3266,イーター電機工業,86
2178,リソー教育,86
3354,大盛工業,86
1382,芦森工業,86
1388,日本電波工業,86
1259,日本食品化工,86
212,タカタ,86
1663,日本ケミファ,86
848,菱洋エレクトロ,86
777,ナカノフドー建設,86
1568,建設技術研究所,86
679,堀場製作所,86
2511,クニミネ工業,86
1750,アルファグループ,86
1179,福島工業,86
3453,五洋インテックス,86
1681,カンダホールディングス,86
283,バローホールディングス,86
1406,栗林商船,86
3136,パシフィックネット,86
2416,京都きもの友禅,86
107,花王,86
2741,大幸薬品,86
2498,うかい,86
1636,リーガルコーポレーション,86
1519,愛知時計電機,86
2742,大宝運輸,86
1057,高圧ガス工業,86
3209,夢テクノロジー,86
1729,扶桑化学工業,86
2900,アイル,86
1198,京三製作所,86
3616,クラウドワークス,86
2957,ネクスグループ,85
1840,群栄化学工業,85
3636,カブドットコム証券,85
3226,環境管理センター,85
2149,九州リースサービス,85
2847,昭和化学工業,85
2127,ゴールドクレスト,85
2126,日本フェンオール,85
1147,神鋼環境ソリューション,85
2784,日本出版貿易,85
62,東北電力,85
2099,日本証券金融,85
1591,フクビ化学工業,85
533,シークス,85
1660,ホギメディカル,85
3142,イーサポートリンク,85
1104,大日本塗料,85
1100,タムロン,85
1861,大冷,85
3135,アジュバンコスメジャパン,85
2265,東京特殊電線,85
1698,トップカルチャー,85
123,信越化学工業,85
1727,サーラ住宅,85
1541,タイガースポリマー,85
1405,富士通コンポーネント,85
135,兼松,85
900,ナラサキ産業,85
1439,北海電気工事,85
1053,特種東海製紙,85
2988,マルマン,85
2003,巴コーポレーション,85
2285,国際計測器,85
739,ダイキョーニシカワ,85
2652,ホクシン,85
1395,シキボウ,85
1031,矢作建設工業,85
1966,児玉化学工業,85
2475,日本コロムビア,85
1962,東陽テクニカ,85
756,日本冶金工業,85
443,東建コーポレーション,85
2620,サンセイランディック,85
1336,山下医科器械,85
3348,リーダー電子,85
2952,日本パレットプール,85
2954,日本デコラックス,85
2339,石原ケミカル,85
968,学研ホールディングス,85
2719,ダイトーケミックス,85
962,東リ,85
1458,三栄コーポレーション,85
1375,島精機製作所,85
926,ラクト・ジャパン,85
957,小森コーポレーション,85
1786,白銅,85
1905,西川計測,85
1904,中西製作所,85
1353,アイチコーポレーション,85
738,クスリのアオキ,84
2749,光製作所,84
1187,三栄建築設計,84
3022,協立情報通信,84
1043,加藤製作所,84
327,住友理工,84
2429,岡谷電機産業,84
1513,鶴見製作所,84
1060,百十四銀行,84
1062,スミダコーポレーション,84
275,荏原製作所,84
274,レオパレス２１,84
1077,日本アジアグループ,84
2889,京都機械工具,84
609,シダックス,84
2353,東京テアトル,84
2993,東京ボード工業,84
2976,城南進学研究社,84
1502,北興化学工業,84
120,中国電力,84
1269,明治電機工業,84
681,ホッカンホールディングス,84
402,石油資源開発,84
1357,四国化成工業,84
671,ガリバーインターナショナル,84
1433,川崎近海汽船,84
1144,ワールドホールディングス,84
1657,スーパーバッグ,84
557,トランス・コスモス,84
2130,日本化学産業,84
641,マックスバリュ中部,84
2203,日本ビューホテル,84
1914,シーアールイー,84
1858,ツカモトコーポレーション,83
219,ケーズホールディングス,83
1427,上村工業,83
2123,田岡化学工業,83
3496,システム・ロケーション,83
2556,両毛システムズ,83
3240,昴,83
43,スズキ,83
1451,長谷川香料,83
3178,セブンシーズホールディングス,83
1812,ユシロ化学工業,83
1123,サカイ引越センター,83
2839,旭化学工業,83
658,カゴメ,83
1374,ホソカワミクロン,83
2086,本州化学工業,83
2460,ニッポン高度紙工業,83
982,フルサト工業,83
1342,キトー,83
2145,エムケー精工,83
2076,トラスト・テック,83
93,クボタ,83
1459,片倉工業,83
888,乃村工藝社,83
989,堺化学工業,83
953,ハマキョウレックス,83
1673,三晃金属工業,83
1753,アルゴグラフィックス,83
1483,木曽路,83
1411,ローランド　ディー．ジー．,83
687,ヨロズ,83
491,コジマ,83
339,三井海洋開発,83
1168,プレサンスコーポレーション,83
704,マックスバリュ九州,83
2767,ベリテ,83
948,日本トランスシティ,83
569,Ｊ−オイルミルズ,83
847,共立メンテナンス,83
1287,丸和運輸機関,83
1751,守谷商会,83
365,ココカラファイン,83
3287,中日本興業,83
2941,ユーラシア旅行社,83
2759,平賀,83
2940,川上塗料,83
3118,櫻島埠頭,83
2472,共栄タンカー,83
2014,鈴木,83
3628,中部証券金融,83
3475,ホロン,83
3201,リミックスポイント,83
2640,セキド,83
353,ローム,83
1327,セントラルスポーツ,83
1529,アイ・オー・データ機器,83
750,フジシールインターナショナル,83
2543,京福電気鉄道,83
1732,中部日本放送,83
1301,北川鉄工所,83
3102,秋川牧園,83
2609,阪神内燃機工業,83
152,住友金属鉱山,83
1896,日本アビオニクス,83
2315,川辺,83
1527,駒井ハルテック,83
3632,光世証券,83
1205,オイレス工業,83
1866,滝澤鉄工所,83
3098,日本プリメックス,83
2688,日本高純度化学,83
799,関西スーパーマーケット,83
1561,寺崎電気産業,82
1464,マルゼン,82
586,沖縄電力,82
1629,日本化学工業,82
1888,酒井重工業,82
1994,オリバー,82
4,日本電信電話,82
1631,井村屋グループ,82
3206,クリップコーポレーション,82
935,藤森工業,82
575,日本航空電子工業,82
1637,三井住建道路,82
149,山崎製パン,82
3478,エンカレッジ・テクノロジ,82
610,日本電設工業,82
452,加賀電子,82
298,ツルハホールディングス,82
1371,プロトコーポレーション,82
2279,ダルトン,82
1613,イリソ電子工業,82
453,アズビル,82
1913,ミルボン,82
2144,トーア紡コーポレーション,82
1611,あじかん,82
3227,新報国製鉄,82
2377,帝国通信工業,82
620,日産化学工業,82
1649,ダイビル,82
2191,兼房,82
2343,ニッコー,82
2733,オーケー食品工業,82
2619,ＧＭＯクラウド,82
1421,酉島製作所,82
866,中国塗料,82
2524,アーバネットコーポレーション,82
3416,トランスジェニック,82
2593,ダイケン,82
1074,鬼怒川ゴム工業,82
1596,サトレストランシステムズ,82
1743,カーチスホールディングス,82
689,トーカン,82
1252,フジッコ,82
863,日新電機,82
2892,オンリー,82
790,カナデン,82
1585,南海辰村建設,82
1414,ミマキエンジニアリング,82
3076,日本エンタープライズ,82
976,東京応化工業,82
1257,オービック,82
3359,ＭＩＣＳ化学,82
2462,オーバル,82
1662,横浜魚類,82
483,北越紀州製紙,82
985,三菱総合研究所,82
3146,ジェネレーションパス,82
3515,ファーストロジック,82
3451,アウンコンサルティング,82
1936,中外炉工業,82
202,ドンキホーテホールディングス,82
685,ロート製薬,82
2328,仙波糖化工業,82
1954,昭和飛行機工業,82
1975,日本電技,81
1311,フランスベッドホールディングス,81
3317,誠建設工業,81
1188,ケーユーホールディングス,81
892,日本パーカライジング,81
993,タムラ製作所,81
3457,横田製作所,81
590,日立国際電気,81
3132,ダブル・スコープ,81
1211,大平洋金属,81
151,カルソニックカンセイ,81
3024,佐藤食品工業,81
2535,スペースシャワーネットワーク,81
198,北海道電力,81
2175,高千穂交易,81
2084,神島化学工業,81
2613,くろがね工作所,81
142,村田製作所,81
2834,鈴茂器工,81
2837,東京コスモス電機,81
622,ニッコンホールディングス,81
1704,佐藤食品工業,81
918,栗本鐵工所,81
3033,買取王国,81
3032,フジタコーポレーション,81
2423,プロルート丸光,81
554,わらべや日洋,81
3058,モバイルクリエイト,81
389,京浜急行電鉄,81
1715,フジミインコーポレーテッド,81
66,日本たばこ産業,81
1288,西部電気工業,81
61,キリンホールディングス,81
1290,サッポロドラッグストアー,81
2677,ヤマダコーポレーション,81
295,サンドラッグ,80
545,新日鉄住金ソリューションズ,80
544,オリエントコーポレーション,80
3523,フューチャーベンチャーキャピタル,80
2487,アイケイ,80
1487,北陸電気工事,80
3239,テクノアルファ,80
129,飯田グループホールディングス,80
3247,プロシップ,80
377,日清オイリオグループ,80
2478,富士テクニカ宮津,80
2274,ハードオフコーポレーション,80
719,日立キャピタル,80
2897,東亜バルブエンジニアリング,80
896,アークランドサカモト,80
2762,ケミプロ化成,80
1432,小池酸素工業,80
437,マックスバリュ西日本,80
213,長谷工コーポレーション,80
1064,大崎電気工業,80
230,ライフコーポレーション,80
2420,アグロ　カネショウ,80
2717,小田原エンジニアリング,80
323,前田建設工業,80
2184,広栄化学工業,80
3493,アエリア,80
1435,キムラユニティー,80
2935,日本社宅サービス,80
2278,アイエックス・ナレッジ,80
980,西川ゴム工業,80
2614,さくらインターネット,80
140,東京急行電鉄,80
612,日本空港ビルデング,80
3153,ジョルダン,80
2932,スパークス・グループ,80
2662,クリエートメディック,80
446,良品計画,80
1001,理想科学工業,80
3591,日糧製パン,80
368,日本特殊陶業,80
360,アシックス,80
2828,菊水電子工業,80
1112,モリタホールディングス,80
2431,ハウス　オブ　ローゼ,80
705,立花エレテック,80
3101,東洋ドライルーブ,80
825,東亜道路工業,80
999,アルプス物流,80
3071,オリジナル設計,80
3533,免疫生物研究所,80
281,三井金属鉱業,80
1498,いちごグループホールディングス,80
1808,富士製薬工業,80
2994,東京貴宝,80
3435,レッド・プラネット・ジャパン,80
2379,三光マーケティングフーズ,80
2650,ウォーターダイレクト,80
1992,クリーク・アンド・リバー社,80
1683,フューチャーアーキテクト,80
2163,プラザクリエイト,80
2925,川口化学工業,80
2165,東理ホールディングス,80
1523,東邦化学工業,79
2973,キャリアデザインセンター,79
1606,有沢製作所,79
1885,東洋機械金属,79
2070,菊水化学工業,79
2471,旭精機工業,79
7,ソフトバンクグループ,79
3405,スパンクリートコーポレーション,79
3407,バルクホールディングス,79
2992,福山コンサルタント,79
1318,シャクリー・グローバル・グループ,79
2750,パシフィックシステム,79
2920,倉元製作所,79
2283,中北製作所,79
1678,保土谷化学工業,79
2308,日本商業開発,79
1280,三城ホールディングス,79
832,大垣共立銀行,79
1271,クミアイ化学工業,79
1920,フジ・コーポレーション,79
1177,村上開明堂,79
559,東亜建設工業,79
3420,北の達人コーポレーション,79
1136,竹内製作所,79
224,東京エレクトロン,79
1539,アップルインターナショナル,79
1852,ＴＨＥグローバル社,79
276,西武ホールディングス,79
1163,河合楽器製作所,79
2833,共和工業所,79
843,マックスバリュ東北,78
3625,日本創発グループ,78
1537,日本高周波鋼業,78
1364,ロック・フィールド,78
3280,石井工作研究所,78
1991,だいこう証券ビジネス,78
1806,元気寿司,78
3343,アドバンテッジリスクマネジメント,78
3396,アライドアーキテクツ,78
89,ファーストリテイリング,78
966,パイロットコーポレーション,78
974,滋賀銀行,78
1347,エバラ食品工業,78
2726,東京楽天地,78
2083,日特エンジニアリング,78
1543,岡山県貨物運送,78
2481,トラストホールディングス,78
2806,協立エアテック,78
2425,大日本コンサルタント,78
1737,丸藤シートパイル,78
2594,ハビックス,78
1012,大同メタル工業,78
2231,京写,78
752,群馬銀行,78
1567,日本特殊塗料,78
1548,サマンサタバサジャパンリミテッド,78
1400,高田工業所,78
2400,イソライト工業,78
3423,大崎エンジニアリング,78
2232,アクシーズ,78
3542,クラスターテクノロジー,78
1324,マネックスグループ,78
3570,メディビックグループ,78
1865,ピックルスコーポレーション,78
244,雪印メグミルク,78
2780,日本パワーファスニング,78
736,小野薬品工業,78
3198,マーケットエンタープライズ,78
2997,中京医薬品,78
3583,セルシード,78
2301,ブイ・テクノロジー,78
2924,フジックス,78
397,日本ゼオン,78
374,協和発酵キリン,78
1707,物語コーポレーション,78
143,日本電産,78
1103,四電工,78
3578,エル・シー・エーホールディングス,78
49,住友電気工業,78
3025,協和コンサルタンツ,78
1213,ゼリア新薬工業,78
1564,神姫バス,78
2936,一休,78
314,ニトリホールディングス,77
3328,アイサンテクノロジー,77
2800,ピー・シー・エー,77
3437,ピーエイ,77
1093,ブックオフコーポレーション,77
3083,助川電気工業,77
315,田辺三菱製薬,77
3223,鴨川グランドホテル,77
574,ワコールホールディングス,77
576,小野建,77
1577,ハリマ共和物産,77
3580,ラクオリア創薬,77
859,キリン堂ホールディングス,77
862,ニチコン,77
2507,ヤスハラケミカル,77
3215,ビジネス・ブレークスルー,77
2404,ビーピー・カストロール,77
3380,トレイダーズホールディングス,77
1429,ヴィレッジヴァンガードコーポレーション,77
3288,フォトクリエイト,77
1428,カーリットホールディングス,77
1932,平河ヒューテック,77
1302,シミックホールディングス,77
122,サントリー食品インターナショナル,77
656,ジューテックホールディングス,77
2673,森下仁丹,77
2303,キーウェアソリューションズ,77
2105,レシップホールディングス,77
1465,コシダカホールディングス,77
1769,藤倉ゴム工業,77
2463,ダイセキ環境ソリューション,77
156,東京センチュリーリース,77
2565,新川,77
1111,レナウン,77
3551,日本テクノ・ラボ,77
1738,ファンコミュニケーションズ,77
466,上組,77
1030,メルコホールディングス,77
125,近鉄グループホールディングス,77
2064,ヨシコン,77
817,トラスコ中山,77
2928,駐車場綜合研究所,77
3409,データ・アプリケーション,77
556,ハイレックスコーポレーション,77
2864,岡野バルブ製造,77
3334,駅探,77
2862,アドバンスクリエイト,77
1822,三井金属エンジニアリング,77
2590,ロングライフホールディング,77
161,りそなホールディングス,77
1477,サクサホールディングス,77
1762,日工,77
746,高砂香料工業,77
3119,日本サード・パーティ,77
1481,柿安本店,77
407,リンナイ,77
1392,ニチリン,77
1722,日本海洋掘削,77
1139,たけびし,77
72,野村ホールディングス,77
2039,日本ピラー工業,77
1957,星光ＰＭＣ,77
2693,マナック,77
2221,サンリツ,77
411,セイコーホールディングス,77
916,アンリツ,77
978,クワザワ,77
304,日清食品ホールディングス,77
350,ライオン,77
3275,きんえい,77
3182,宇野澤組鐵工所,77
3433,ソケッツ,77
2426,北陸電話工事,77
1380,スペース,77
924,足利ホールディングス,77
201,阪急阪神ホールディングス,77
1153,イチケン,77
1199,メニコン,77
1155,世紀東急工業,77
3074,中村超硬,77
511,不二越,77
163,オムロン,77
3070,日本通信,77
1363,丸運,77
2393,伏木海陸運送,77
48,メディパルホールディングス,76
3094,ウィル,76
938,岡三証券グループ,76
1685,ヨコオ,76
3092,ホテル、ニューグランド,76
1809,日本マイクロニクス,76
2338,東京個別指導学院,76
1928,宮地エンジニアリンググループ,76
2391,ナトコ,76
3301,エプコ,76
925,マックスバリュ北海道,76
1186,丸順,76
1209,ツクイ,76
2615,イクヨ,76
3466,アトラ,76
216,あらた,76
119,リクルートホールディングス,76
631,三洋化成工業,76
917,ミクニ,76
1216,サンマルクホールディングス,76
2174,アスカ,76
1526,日本空調サービス,76
2331,宮崎太陽銀行,76
2222,電業社機械製作所,76
3183,土木管理総合試験所,76
502,岡村製作所,76
2947,やまねメディカル,76
505,アコム,76
913,極東開発工業,76
354,日本テレビホールディングス,76
68,東レ,76
1797,東北化学薬品,76
465,高砂熱学工業,76
906,日本信号,76
254,カメイ,76
2844,医学生物学研究所,76
1876,ヒト・コミュニケーションズ,76
2684,太洋基礎工業,76
1403,扶桑薬品工業,76
3191,学情,76
2371,サコス,76
185,ジャパンディスプレイ,76
895,日本コークス工業,76
2257,札幌臨床検査センター,76
1616,テイカ,76
136,積水化学工業,76
1589,なとり,76
1035,荒川化学工業,76
3174,麻生フオームクリート,76
1133,キッセイ薬品工業,76
1312,ツカダ・グローバルホールディング,76
804,セリア,76
271,テルモ,76
1712,キングジム,76
882,タクマ,76
2202,東京ソワール,76
655,リロ・ホールディング,76
880,川田テクノロジーズ,76
2402,ファーストコーポレーション,76
2669,白青舎,76
822,エコス,76
2528,第一カッター興業,76
2642,インプレスホールディングス,76
3534,セキュアヴェイル,76
316,マキタ,76
1297,宇徳,76
2010,寺岡製作所,76
3375,セレス,76
1930,オハラ,76
860,総合メディカル,76
3222,ビーロット,76
1645,丸山製作所,76
2196,タカノ,76
856,ジャックス,76
1972,中央可鍛工業,76
696,中山製鋼所,76
1441,キョウデン,76
3315,アンドール,76
381,近鉄エクスプレス,76
44,昭和シェル石油,76
1644,モリト,76
3026,アールビバン,76
845,ツムラ,76
1776,小松ウオール工業,76
3362,日本ファルコム,76
1283,イワキ,76
2313,日本伸銅,76
2654,天龍製鋸,75
263,サッポロホールディングス,75
104,川崎重工業,75
680,ミツミ電機,75
382,ケーヒン,75
676,ＧＳＩクレオス,75
1085,パラマウントベッドホールディングス,75
379,コムシスホールディングス,75
2199,インターライフホールディングス,75
1772,日本ドライケミカル,75
1272,横浜丸魚,75
2874,東葛ホールディングス,75
1067,ジャムコ,75
2911,ソーバル,75
1999,ながの東急百貨店,75
2111,芝浦電子,75
1554,日本バルカー工業,75
2571,双信電機,75
3418,メディカル・データ・ビジョン,75
1940,ジェコー,75
2868,日本色材工業研究所,75
269,ローソン,75
1939,ダイドーリミテッド,75
1131,日本山村硝子,75
883,セーレン,75
2999,幼児活動研究会,75
2436,日本アセットマーケティング,75
1134,新日本建設,75
1249,日本カーバイド工業,75
2397,日本乾溜工業,75
3541,比較．ｃｏｍ,75
800,日本写真印刷,75
329,センコー,75
2930,アールテック・ウエノ,75
3175,トリケミカル研究所,75
795,ベルーナ,75
114,西日本旅客鉄道,75
534,住友ベークライト,75
528,アクシアル　リテイリング,75
29,三菱電機,75
2147,かわでん,75
2211,高松機械工業,75
3403,モジュレ,75
2024,三社電機製作所,75
71,スズケン,75
126,大塚ホールディングス,75
1535,旭有機材工業,75
2071,西芝電機,75
21,三井物産,75
1220,三菱鉛筆,75
3075,関門海,75
1386,北陸電気工業,75
1691,日本コンクリート工業,75
3592,ベクター,75
1384,田中精密工業,75
2505,日本ケアサプライ,75
1745,川金ホールディングス,75
1802,トリニティ工業,75
3504,アイフリークモバイル,75
82,アサヒグループホールディングス,75
1608,リズム時計工業,75
2703,フジコー,75
619,山陽特殊製鋼,75
1515,シーイーシー,75
628,ダスキン,75
279,千代田化工建設,75
1601,コーエーテクモホールディングス,75
930,ハローズ,75
1204,ジャフコ,75
2805,東京機械製作所,75
343,上新電機,75
83,武田薬品工業,75
1720,ぐるなび,75
2621,サンコー,75
748,伯東,74
2421,ジェイグループホールディングス,74
2387,ワイズテーブルコーポレーション,74
768,青木あすなろ建設,74
3525,クレアホールディングス,74
2739,ヨシックス,74
983,カッパ・クリエイト,74
970,松竹,74
1184,アコーディア・ゴルフ,74
1677,日本デジタル研究所,74
209,キヤノンマーケティングジャパン,74
2969,博展,74
1495,セントラル警備保障,74
2710,ジェイエイシーリクルートメント,74
2707,学究社,74
1372,第一建設工業,74
2979,インテリジェント　ウェイブ,74
1827,川澄化学工業,74
1708,文教堂グループホールディングス,74
898,中越パルプ工業,74
3005,綜合臨床ホールディングス,74
1763,東急レクリエーション,74
1475,芝浦メカトロニクス,74
1078,新日本電工,74
2588,構造計画研究所,74
3122,ＭＩＥコーポレーション,74
504,宝ホールディングス,74
647,大日精化工業,74
826,積水化成品工業,74
573,ウエルシアホールディングス,74
1941,三精テクノロジーズ,74
37,東燃ゼネラル石油,74
2318,ピクセルカンパニーズ,74
2137,丸紅建材リース,74
549,みらかホールディングス,74
3547,テクノマセマティカル,74
512,コナミホールディングス,74
837,今仙電機製作所,74
3038,ＯＳＧコーポレーション,74
686,キユーソー流通システム,74
1401,中部瓦斯,73
454,曙ブレーキ工業,73
2655,放電精密加工研究所,73
2788,エヌエフ回路設計ブロック,73
1961,大阪有機化学工業,73
3254,オリエンタルチエン工業,73
3546,カルナバイオサイエンス,73
2647,サクセスホールディングス,73
854,神奈川中央交通,73
445,日本ペイントホールディングス,73
3134,ユニバーサルソリューションシステムズ,73
855,フクダ電子,73
144,ユニーグループ・ホールディングス,73
1267,第一工業製薬,73
2408,ウイルコホールディングス,73
2670,ウエスコホールディングス,73
2121,オービックビジネスコンサルタント,73
3360,総医研ホールディングス,73
2491,フォーバルテレコム,73
711,新光商事,73
806,デジタル・アドバタイジング・コンソーシア,73
802,バイテックホールディングス,73
2899,暁飯島工業,73
3480,ジャパン・ティッシュ・エンジニアリング,73
3620,ライフネット生命保険,73
158,神鋼商事,73
1933,大日本木材防腐,73
3138,インヴィンシブル投資法人　投資証券,73
2536,沖電線,73
1830,ステラ　ケミファ,73
3221,ザインエレクトロニクス,73
3630,福岡中央銀行,73
1489,ニューフレアテクノロジー,73
3323,ネットワークバリューコンポネンツ,73
2977,セーラー万年筆,73
725,横浜冷凍,73
2013,ミロク情報サービス,73
1873,メディカル一光,73
1304,日本ハウスホールディングス,73
778,ロイヤルホールディングス,73
3210,アートスパークホールディングス,73
321,野村総合研究所,73
3072,イーブックイニシアティブジャパン,73
1680,弘電社,73
1206,兼松エレクトロニクス,73
3603,イオンリート投資法人　投資証券,73
1736,大和冷機工業,73
1020,ラウンドワン,73
2610,わかもと製薬,73
2289,川重冷熱工業,73
2870,サイオステクノロジー,72
3595,ユナイテッド・スーパーマーケット・ホール,72
58,三菱食品,72
265,しまむら,72
3401,マルマエ,72
2752,ニッカトー,72
3604,ヒューリックリート投資法人　投資証券,72
3605,日本リート投資法人　投資証券,72
595,昭光通商,72
955,高島,72
1604,幸楽苑ホールディングス,72
1598,ヨンキュウ,72
919,正栄食品工業,72
1295,サックスバー　ホールディングス,72
52,東日本旅客鉄道,72
255,日本紙パルプ商事,72
2198,ビジネスブレイン太田昭和,72
1934,大戸屋ホールディングス,72
1634,セキチュー,72
2067,オーテック,72
3385,パルステック工業,72
95,清水建設,72
2567,ひらまつ,72
3166,白鳩,72
2895,チャーム・ケア・コーポレーション,72
238,バンダイナムコホールディングス,72
1703,東光,72
2193,タカショー,72
2883,タクミナ,72
3010,日本スキー場開発,72
1028,ハリマ化成グループ,72
874,日本合成化学工業,72
369,西松建設,72
2187,川崎化成工業,72
1907,日本電通,72
661,山口フィナンシャルグループ,72
2001,日本インター,72
475,すてきナイスグループ,72
538,マックスバリュ東海,72
537,西部瓦斯,72
3619,コスモエネルギーホールディングス,72
2143,焼津水産化学工業,72
3154,シンプロメンテ,72
2004,日精エー・エス・ビー機械,72
2786,中央ビルト工業,72
390,大京,72
2051,ソフト９９コーポレーション,72
3276,ファンドクリエーショングループ,72
188,電源開発,72
3574,ヘリオス,72
2148,バイク王＆カンパニー,72
3486,コムシード,72
1545,サンテック,72
1943,アドバンス・レジデンス投資法人　投資証券,72
1670,ダイナック,72
1227,沖縄セルラー電話,72
2494,フリージア・マクロス,72
1760,ナカニシ,72
1854,ウッドフレンズ,72
1690,エスアールジータカミヤ,72
3066,日本アイ・エス・ケイ,72
774,カナモト,72
2819,カネミツ,72
3339,不二硝子,72
1533,ダイニック,72
2027,西菱電機,72
2261,日本駐車場開発,72
3521,アビックス,72
2167,片倉コープアグリ,72
124,アステラス製薬,72
481,ハウス食品グループ本社,72
495,日本マクドナルドホールディングス,71
2738,丸千代山岡家,71
2817,ランシステム,71
2380,ジャパンエクセレント投資法人　投資証券,71
3526,エコナックホールディングス,71
2802,シグマクシス,71
2830,東京自働機械製作所,71
2496,中央紙器工業,71
19,新日鐵住金,71
500,シスメックス,71
3614,ジャパン・シニアリビング投資法人　投資証,71
3425,日本動物高度医療センター,71
501,ミツウロコグループホールディングス,71
36,三菱ケミカルホールディングス,71
2866,日進工具,71
2777,山田コンサルティンググループ,71
2118,セントラル総合開発,71
2532,トップリート投資法人　投資証券,71
3411,トレンダーズ,71
1055,電通国際情報サービス,71
1036,南都銀行,71
2209,オイシックス,71
3406,日本エス・エイチ・エル,71
1626,アパマンショップホールディングス,71
1711,セントケア・ホールディング,71
2736,セコニックホールディングス,71
338,日本碍子,71
2545,日本賃貸住宅投資法人　投資証券,71
210,大和証券グループ本社,71
3590,川崎設備工業,71
932,キヤノン電子,71
3586,オンコリスバイオファーマ,71
2678,阪急リート投資法人　投資証券,71
870,三重交通グループホールディングス,71
2348,イーグランド,71
3582,スリー・ディー・マトリックス,71
2450,旭コンクリート工業,71
2657,有機合成薬品工業,71
3579,デジタルデザイン,71
829,七十七銀行,71
2644,プレミア投資法人　投資証券,71
820,池田泉州ホールディングス,71
3489,エスクロー・エージェント・ジャパン,71
121,三越伊勢丹ホールディングス,71
2616,石井食品,71
2504,ソネック,70
723,千趣会,70
440,ダイフク,70
3108,岡藤ホールディングス,70
2606,トレジャー・ファクトリー,70
2028,萬世電機,70
3105,プラッツ,70
3095,栄電子,70
2612,ボルテージ,70
3091,宮入バルブ製作所,70
433,オークワ,70
698,トーモク,70
2281,日本アンテナ,70
761,トプコン,70
1746,エルナー,70
3567,燦キャピタルマネージメント,70
1504,電響社,70
419,ミライト・ホールディングス,70
3338,アジア開発キャピタル,70
2623,成学社,70
3067,研創,70
2036,戸上電機製作所,70
1754,フレンテ,70
1755,大真空,70
3065,明豊エンタープライズ,70
113,ソニーフィナンシャルホールディングス,70
405,日本製粉,70
2465,豆蔵ホールディングス,70
798,ドトール・日レスホールディングス,70
1761,東京ラヂエーター製造,70
3569,ＤＮＡチップ研究所,70
2045,ハイパー,70
3156,ニックス,70
657,ウシオ電機,70
1470,日成ビルド工業,70
1767,コマニー,70
398,ヤオコー,70
2641,イワブチ,70
3454,フライトホールディングス,70
460,蝶理,70
159,古河電気工業,70
3031,松尾電機,70
1449,日本トムソン,70
284,アークス,70
636,オークマ,70
1191,キャンドゥ,70
2508,小僧寿し,70
1724,エンビプロ・ホールディングス,70
1911,大井電気,70
3303,スターツプロシード投資法人　投資証券,70
1948,オータケ,70
1436,ダイセキ,70
99,凸版印刷,70
635,静岡ガス,70
296,ダイセル,70
2826,高橋カーテンウォール工業,70
3011,ナガオカ,70
2246,音通,70
615,ネクソン,70
889,イトーキ,70
3585,キャンバス,70
1902,トーエル,70
91,東海旅客鉄道,70
2356,ノバレーゼ,70
10,丸紅,70
1174,マックス,70
1946,前澤給装工業,70
914,ノリタケカンパニーリミテド,70
1894,ゲームカード・ジョイコホールディングス,70
1385,ケイヒン,70
921,トーカイ,70
2360,オーミケンシ,70
3189,テセック,70
1717,大興電子通信,70
1985,第一稀元素化学工業,70
939,カワニシホールディングス,70
2967,東京日産コンピュータシステム,70
2963,イントランス,70
2961,アバールデータ,70
2323,ゴルフダイジェスト・オンライン,70
1169,アプラスフィナンシャル,70
960,メイコー,70
1159,アジアパイルホールディングス,70
2946,インフォメーションクリエーティブ,70
1011,松井建設,70
3462,コネクトホールディングス,70
3202,フィンテック　グローバル,70
3537,フォーバル・リアルストレート,70
1559,ソフトバンク・テクノロジー,70
330,新生銀行,70
1019,フーマイスターエレクトロニクス,70
2541,ジャパンベストレスキューシステム,70
3601,星野リゾート・リート投資法人　投資証券,70
1029,八洲電機,70
174,富士電機,70
3286,アイ・アールジャパンホールディングス,70
1705,日本精線,70
53,富士フイルムホールディングス,70
3535,弁護士ドットコム,70
1145,オルガノ,70
2141,エスケーエレクトロニクス,70
1095,りらいあコミュニケーションズ,70
2128,松風,70
3241,センチュリー２１・ジャパン,70
1836,ラサ商事,70
2131,エン・ジャパン,70
478,リョーサン,70
508,ノーリツ,70
310,コカ・コーラウエスト,70
34,キヤノン,70
1127,アルビス,70
3512,メドピア,70
3426,トミタ電機,70
1130,ホーチキ,70
1248,ダイヤモンド電機,70
1091,サンリオ,70
1679,大日光・エンジニアリング,69
3610,トーセイ・リート投資法人　投資証券,69
963,山陰合同銀行,69
3200,テックファームホールディングス,69
2715,東栄リーファーライン,69
2983,日本抵抗器製作所,69
907,品川リフラクトリーズ,69
2687,森ヒルズリート投資法人　投資証券,69
621,三井倉庫ホールディングス,69
3456,モバイルファクトリー,69
2562,日本タングステン,69
2659,トレックス・セミコンダクター,69
1778,アライドテレシスホールディングス,69
3019,日本和装ホールディングス,69
1949,プレステージ・インターナショナル,69
1912,モリテック　スチール,69
828,キョーリン製薬ホールディングス,69
2277,共同紙販ホールディングス,69
2814,セフテック,68
3447,ケアネット,68
291,郵船ロジスティクス,68
3639,アサックス,68
1870,イノテック,68
2803,クロス・マーケティンググループ,68
3539,ジェクシード,68
1855,ホットランド,68
3633,水戸証券,68
2547,ヒガシマル,68
305,日本軽金属ホールディングス,68
589,大氣社,68
1847,オーウイル,68
578,高松コンストラクショングループ,68
3623,九州フィナンシャルグループ,68
1165,三ツ星ベルト,68
335,伊藤忠テクノソリューションズ,68
164,エイチ・ツー・オー　リテイリング,68
2427,アサヒペン,68
563,ポーラ・オルビスホールディングス,68
2579,アスラポート・ダイニング,68
1552,クリヤマホールディングス,68
2595,ビオフェルミン製薬,68
133,Ｊ．フロント　リテイリング,68
260,コカ・コーライーストジャパン,68
3613,サムティ・レジデンシャル投資法人　投資証,68
2358,大和ハウス・レジデンシャル投資法人　投資,68
2325,日本アコモデーションファンド投資法人　投,68
3393,ニューテック,68
1408,明星工業,68
2026,帝国電機製作所,68
1514,佐賀銀行,68
494,千葉銀行,68
40,みずほフィナンシャルグループ,68
247,バイタルケーエスケー・ホールディングス,68
2124,新京成電鉄,68
2890,フライングガーデン,68
1510,シノブフーズ,68
771,日本瓦斯,68
3607,日本ヘルスケア投資法人　投資証券,68
1292,アイレップ,68
3369,インタートレード,68
236,野村不動産ホールディングス,68
3059,不二精機,68
1068,東テク,68
1056,ライトオン,68
2107,フルキャストホールディングス,68
399,サンデンホールディングス,68
3349,ジャパン・ホテル・リート投資法人　投資証,68
2206,正興電機製作所,68
1032,メイテック,68
796,東プレ,68
2255,アジアグロースキャピタル,68
857,新電元工業,68
428,テレビ朝日ホールディングス,68
3510,システム・テクノロジー・アイ,68
3600,日本プロロジスリート投資法人　投資証券,68
2092,トマト銀行,68
3013,日本製罐,68
1417,ファルコホールディングス,68
92,ヤマダ電機,68
2068,スリーエフ,68
891,横河ブリッジホールディングス,68
3392,ギガプライズ,68
435,ニチイ学館,67
432,シップヘルスケアホールディングス,67
3312,シンワアートオークション,67
1410,広島電鉄,67
922,第四銀行,67
868,日本取引所グループ,67
3596,大和ハウスリート投資法人　投資証券,67
3331,アルチザネットワークス,67
2333,フロンティア不動産投資法人　投資証券,67
2096,岩井コスモホールディングス,67
2651,三光産業,67
1454,大同工業,67
1942,オリックス不動産投資法人　投資証券,67
2492,田中化学研究所,67
105,大日本印刷,67
1478,東日本銀行,67
803,飛島建設,67
2929,アルテ　サロン　ホールディングス,67
2744,オートウェーブ,67
2902,光ビジネスフォーム,67
788,マブチモーター,67
1951,神東塗料,67
367,東京放送ホールディングス,67
1072,桧家ホールディングス,67
1264,大末建設,67
753,中央物産,67
39,損保ジャパン日本興亜ホールディングス,67
2432,三相電機,67
3471,アーキテクツ・スタジオ・ジャパン,67
2509,東計電算,67
348,安藤・間,67
2015,前澤化成工業,67
1243,栃木銀行,67
1242,日本ビルファンド投資法人　投資証券,67
1569,ファーマライズホールディングス,67
183,東急不動産ホールディングス,67
344,大日本住友製薬,67
1811,清水銀行,67
3171,スターツ出版,67
627,丸善ＣＨＩホールディングス,67
624,エイベックス・グループ・ホールディングス,67
1240,東北新社,67
2832,オプトエレクトロニクス,67
1973,長野銀行,67
3536,ヒューマン・メタボローム・テクノロジーズ,67
3197,インターアクション,67
17,セブン＆アイ・ホールディングス,67
2829,昭和真空,67
1623,イハラケミカル工業,67
2290,本多通信工業,67
3634,松井証券,67
2300,夢真ホールディングス,67
1092,ワコム,66
166,セコム,66
169,日東電工,66
2385,大和証券オフィス投資法人　投資証券,66
1200,ソディック,66
608,ＤＭＧ森精機,66
1988,スーパー大栄,66
570,ジーテクト,66
568,ほくほくフィナンシャルグループ,66
179,ルネサスエレクトロニクス,66
277,山九,66
2170,ナカヨ,66
639,フジテック,66
1215,ホクト,66
272,マツモトキヨシホールディングス,66
2798,ジャパンシステム,66
2398,福岡リート投資法人　投資証券,66
1578,立川ブラインド工業,66
3624,ワークマン,66
181,東洋製罐グループホールディングス,66
1231,ジョイフル,66
1245,ワキタ,66
1255,マキヤ,66
2863,明星電気,66
3474,ビリングシステム,66
3611,ケネディクス商業リート投資法人　投資証券,66
3204,卑弥呼,66
47,富士重工業,66
3124,キクカワエンタープライズ,66
3387,フュージョンパートナー,66
715,日産東京販売ホールディングス,66
1651,オンキヨー,66
1071,アデランス,66
3273,マサル,66
2513,佐渡汽船,66
3485,日本メディカルネットコミュニケーションズ,66
130,国際石油開発帝石,66
2347,共和電業,66
2276,インタースペース,66
2451,日本コンピュータ・ダイナミクス,66
54,アルフレッサ　ホールディングス,66
2023,藤久,66
385,ニプロ,66
3115,オーベクス,66
2208,ジェイコムホールディングス,66
1532,東海運,66
2486,船井総研ホールディングス,66
1516,東海エレクトロニクス,66
3529,オンコセラピー・サイエンス,66
497,ナフコ,66
492,ニフコ,66
3499,テスク,66
218,日立ハイテクノロジーズ,66
3520,コモンウェルス・エンターテインメント,66
2735,アドソル日進,66
2729,鶴弥,66
217,日本水産,66
2727,石井鐵工所,66
1692,フジマック,66
3055,サムコ,66
204,住友重機械工業,66
2254,カワタ,66
979,キーエンス,66
3283,ユビテック,66
3049,メディアグローバルリンクス,66
1348,常磐興産,66
2225,森トラスト総合リート投資法人　投資証券,66
1376,ジャパンリアルエステイト投資法人　投資証,66
2697,タカセ,66
2245,山喜,66
3006,東天紅,66
3285,ウィルソン・ラーニング　ワールドワイド,66
3106,ミヤコ,66
1977,指月電機製作所,65
1710,三重銀行,65
467,イオン九州,65
480,前田道路,65
3218,アールエイジ,65
3438,エスポア,65
1725,佐田建設,65
2477,ライフフーズ,65
1592,リンガーハット,65
1872,アイコム,65
1874,タケエイ,65
2990,朝日ラバー,65
1397,日本リテールファンド投資法人　投資証券,65
215,宇部興産,65
908,飯野海運,65
2394,ニイタカ,65
830,ミクシィ,65
1996,丸栄,65
566,トーエネック,65
827,錢高組,65
3163,創健社,65
312,戸田建設,65
1881,岡本工作機械製作所,65
945,新東工業,65
2958,ヨシタケ,65
2253,ライドオン・エクスプレス,65
2002,アニコム　ホールディングス,65
2633,マルシェ,65
2950,ダントーホールディングス,65
28,東京海上ホールディングス,65
991,新日本空調,65
485,日信工業,65
3597,ケネディクス・レジデンシャル投資法人　投,65
3568,データセクション,65
992,アイフル,65
2854,アゴーラ・ホスピタリティー・グループ,65
1887,ハーモニック・ドライブ・システムズ,65
3081,ホウライ,65
2212,トラスト,65
1016,日本ＫＦＣホールディングス,65
2340,総合商研,65
759,テレビ東京ホールディングス,65
410,コーナン商事,65
3277,山田債権回収管理総合事務所,65
1917,ジャパン・フード＆リカー・アライアンス,65
2580,ジオマテック,65
248,ニチレイ,65
1033,愛知電機,65
1309,ショーボンドホールディングス,65
2104,東京窯業,65
3152,ガイアックス,65
1041,オカモト,65
2317,ナガイレーベン,65
2923,石井表記,65
2270,フジオーゼックス,65
2201,ビットアイル,65
1051,富士興産,65
127,日本ハム,65
2346,テンアライド,65
128,三井住友トラスト・ホールディングス,65
3378,アテクト,65
3565,ソフトフロント,65
134,博報堂ＤＹホールディングス,65
553,イオンモール,65
2781,フィスコ,65
355,熊谷組,65
695,牧野フライス製作所,65
2884,マルタイ,65
2768,福井コンピュータホールディングス,65
3391,日本エマージェンシーアシスタンス,65
3126,東武住販,65
45,アイシン精機,65
2008,星和電機,65
2776,デジタル・インフォメーション・テクノロジ,65
1557,第三銀行,65
1247,ゴールドウイン,65
2766,グローバル・ワン不動産投資法人　投資証券,64
2888,ＳＥホールディングス・アンド・インキュベ,64
2779,平和不動産リート投資法人　投資証券,64
3390,グランディーズ,64
2597,高見沢サイバネティックス,64
1040,東京産業,64
231,東武鉄道,64
2138,山陽百貨店,64
258,東芝テック,64
227,日本発条,64
347,ジーエス・ユアサ　コーポレーション,64
1684,ハイデイ日高,64
3599,コンフォリア・レジデンシャル投資法人　投,64
266,ゼンショーホールディングス,64
3593,Ｏａｋ　キャピタル,64
2179,明光ネットワークジャパン,64
1148,積水樹脂,64
484,ふくおかフィナンシャルグループ,64
2048,テクノホライゾン・ホールディングス,64
2974,あかつきフィナンシャルグループ,64
3588,エスケーホーム,64
1226,北海道コカ・コーラボトリング,64
2228,内外テック,64
640,大紀アルミニウム工業所,64
1925,ジャパンフーズ,64
1173,みなと銀行,64
1390,林兼産業,64
2284,ニュートン・フィナンシャル・コンサルティ,64
1739,明治海運,64
447,ニチユ三菱フォークリフト,64
3508,ショーケース・ティービー,64
1594,堺商事,64
2675,島根銀行,64
3040,秩父鉄道,64
3291,エックスネット,64
3642,Ｃ＆Ｆロジホールディングス,64
606,ベスト電器,63
3046,アール・エス・シー,63
2021,大光銀行,63
3562,ディジタルメディアプロフェッショナル,63
1355,日本マニュファクチャリングサービス,63
1014,日本ハウズイング,63
3002,アドテック　プラズマ　テクノロジー,63
2047,フリービット,63
438,日本ユニシス,63
3350,マーチャント・バンカーズ,63
2506,野村マイクロ・サイエンス,63
293,東海理化電機製作所,63
2822,日本精密,63
3513,デザインワン・ジャパン,63
613,マルイチ産商,63
3272,光ハイツ・ヴェラス,63
2705,エヌ・ピー・シー,63
2704,旭松食品,63
3608,積水ハウス・リート投資法人　投資証券,63
1084,メディカルシステムネットワーク,63
2495,ジャステック,63
22,三井住友フィナンシャルグループ,63
3609,大木ヘルスケアホールディングス,63
2774,バッファロー,63
741,第一興商,63
614,ガンホー・オンライン・エンターテイメント,63
902,ソーダニッカ,63
1080,シンフォニア　テクノロジー,63
2094,いちよし証券,63
223,日新製鋼,63
1329,ヨンドシーホールディングス,63
3429,いい生活,63
3187,ベルグアース,63
1915,ケー・エフ・シー,63
1740,新田ゼラチン,62
2894,サンユー建設,62
1463,エスライン,62
3371,アルファクス・フード・システム,62
2102,ナガホリ,62
2488,小野測器,62
1069,アイダエンジニアリング,62
2098,ティアック,62
903,北海道瓦斯,62
3612,ヘルスケア＆メディカル投資法人　投資証券,62
873,やまびこ,62
3300,ベステラ,62
1620,新家工業,62
1696,戸田工業,62
3009,三機サービス,62
1921,ＧＭＯクリックホールディングス,62
3096,篠崎屋,62
850,日東工業,62
1714,中道リース,62
3503,ジャパンインベストメントアドバイザー,62
712,中電工,62
2978,グリムス,62
3626,中部水産,62
2578,日本ロジスティクスファンド投資法人　投資,62
3327,ヤマザキ,62
2909,日本アジア投資,62
1050,フジ住宅,62
2878,ビューティガレージ,62
2500,日本電子材料,62
757,日機装,62
515,ハピネット,62
2737,ナンシン,62
2549,日本システム技術,62
13,第一生命保険,62
56,日本郵船,62
205,富士石油,62
2561,元旦ビューティ工業,62
1511,ルネサンス,62
1759,レーサム,62
2152,カーメイト,62
931,サニックス,62
524,ＮＥＣキャピタルソリューション,62
838,東京エレクトロン　デバイス,62
1431,山形銀行,62
3377,妙徳,62
1659,アイエーグループ,62
1959,ソマール,62
770,ディスコ,62
1201,名古屋銀行,62
2288,ニホンフラッシュ,62
3329,プラネット,62
1846,モロゾフ,62
1426,植木組,62
2372,ポールトゥウィン・ピットクルーホールディ,62
2042,情報技術開発,62
1993,セコム上信越,62
2468,ローツェ,62
2589,エヌジェーケー,62
529,ほくやく・竹山ホールディングス,62
2389,メガネスーパー,62
2388,大東銀行,62
604,エフテック,62
1360,北恵,62
2000,神戸電鉄,62
1867,アプライド,62
3162,ユークス,62
2383,鈴縫工業,62
3248,アスコット,62
1294,ナカバヤシ,62
2721,翻訳センター,62
157,昭和電工,62
969,ジェコス,62
807,大都魚類,62
513,ユアテック,62
3157,アルトナー,62
2598,リーバイ・ストラウス　ジャパン,62
1877,藤田エンジニアリング,62
2012,テノックス,62
886,ティラド,62
3249,トライアイズ,61
973,広島ガス,61
2951,スマートバリュー,61
791,エスビー食品,61
1010,東武ストア,61
2256,ケネディクス・オフィス投資法人　投資証券,61
94,大成建設,61
2043,富士精工,61
2711,サムシングホールディングス,61
3584,デ・ウエスタン・セラピテクス研究所,61
2247,フロイント産業,61
1638,日本ヒューム,61
1022,綿半ホールディングス,61
455,福山通運,61
1635,廣済堂,61
98,大阪瓦斯,61
3459,いちごオフィスリート投資法人　投資証券,61
63,三菱自動車工業,61
3087,ランドビジネス,61
2077,中外鉱業,61
264,小田急電鉄,61
1980,日本プライムリアルティ投資法人　投資証券,61
2081,小林産業,61
2626,日本鋳造,61
2907,シーシーエス,61
3363,伊豆シャボテンリゾート,61
1171,三井ハイテック,61
1790,アシードホールディングス,61
1971,中央倉庫,61
415,大正製薬ホールディングス,61
2638,ハイマックス,61
2446,東急リアル・エステート投資法人　投資証券,61
380,シチズンホールディングス,61
1419,白洋舎,61
229,森永乳業,61
2192,常磐開発,61
115,旭硝子,61
2452,三浦印刷,61
3271,カワセコンピュータサプライ,61
551,三菱倉庫,61
3169,山加電業,61
2995,福島印刷,61
691,西日本シティ銀行,61
1141,クリエイト・レストランツ・ホールディング,61
2334,乾汽船,61
2158,銚子丸,61
668,常陽銀行,61
1641,マックハウス,61
1350,十八銀行,61
1038,テクノプロ・ホールディングス,60
2666,富山銀行,60
2761,東洋電機,60
2653,重松製作所,60
422,オンワードホールディングス,60
1305,トーヨーカネツ,60
1448,フォーバル,60
1152,阿波銀行,60
3445,Ｍ＆Ａキャピタルパートナーズ,60
2841,ケアサービス,60
897,大阪ソーダ,60
416,東洋インキＳＣホールディングス,60
1423,シンデン・ハイテックス,60
1315,清和中央ホールディングス,60
876,ピーエス三菱,60
516,船井電機,60
3571,ジェイ・エスコムホールディングス,60
1422,伊勢湾海運,60
25,出光興産,60
1906,山一電機,60
629,スクウェア・エニックス・ホールディングス,60
912,フィールズ,60
2577,昭和鉄工,60
844,大林道路,60
3027,郷鉄工所,60
2194,燦ホールディングス,60
1266,イマジカ・ロボット　ホールディングス,60
2489,ソリトンシステムズ,60
1633,オーエムツーネットワーク,60
2110,シンニッタン,60
31,三菱重工業,60
1553,フージャースホールディングス,60
2361,東洋証券,60
257,日清製粉グループ本社,60
1075,武蔵野銀行,60
3039,三東工業社,60
1473,インテージホールディングス,60
1479,東和銀行,60
1070,象印マホービン,60
65,豊田自動織機,60
2369,メディキット,60
2093,テーオーシー,60
2791,ネクシィーズ,60
732,大豊建設,60
1381,山陽電気鉄道,60
3394,アプリックスＩＰホールディングス,60
1354,愛知銀行,60
593,昭和電線ホールディングス,60
2226,ユーシン精機,60
1871,マーベラス,60
1207,大分銀行,60
3302,ユーグレナ,60
1653,朝日工業,60
3261,ジェイテック,60
793,ダイダン,60
3061,オーネックス,60
2912,堀田丸正,60
1202,ヒューマンホールディングス,60
1823,田中商事,60
2227,細田工務店,60
334,スギホールディングス,60
781,伊予銀行,60
3082,大村紙業,60
1857,サン電子,60
459,京成電鉄,60
1656,朝日インテック,60
2937,ビューティ花壇,60
1512,マルヨシセンター,60
1676,竹田印刷,60
1845,サンフロンティア不動産,60
393,島津製作所,60
2520,ソフトクリエイトホールディングス,60
1180,東邦銀行,60
2696,産業ファンド投資法人　投資証券,60
332,東洋ゴム工業,59
1119,朝日工業社,59
2321,中央自動車工業,59
470,因幡電機産業,59
701,ＩＪＴテクノロジーホールディングス,59
540,ニッセンホールディングス,59
2879,積水ハウス・ＳＩ　レジデンシャル投資法人,59
3295,中央経済社,59
24,ＭＳ＆ＡＤインシュアランスグループホール,59
3297,システムインテグレータ,59
2294,ユニデンホールディングス,59
2441,ツインバード工業,59
1544,大阪チタニウムテクノロジーズ,59
351,綜合警備保障,59
1331,ウイン・パートナーズ,58
1361,日和産業,58
3258,デジタルアーツ,58
751,三櫻工業,58
611,八十二銀行,58
1862,田辺工業,58
994,大本組,58
3250,インヴァスト証券,58
3412,ディー・エル・イー,58
2602,シーエスロジネット,58
3090,相模ゴム工業,58
1351,三益半導体工業,58
1804,三洋工業,58
259,日清紡ホールディングス,58
3413,バリューＨＲ,58
523,クリエイトＳＤホールディングス,58
3522,イメージ情報開発,58
2370,ヘリオス　テクノ　ホールディング,58
3352,アジアゲートホールディングス,58
1792,澤藤電機,58
3365,デジタルアドベンチャー,58
949,共同印刷,58
3351,ファンデリー,58
2365,丸東産業,58
766,日医工,58
154,高島屋,58
3326,ファインデックス,58
267,パイオニア,58
1785,荏原実業,58
2972,チタン工業,58
937,丸全昭和運輸,58
616,イオン北海道,58
2297,野崎印刷紙業,58
184,加藤産業,58
1974,太洋物産,58
2772,ホリイフードサービス,58
775,日鉄鉱業,58
340,三井住友建設,58
2568,ミューチュアル,58
79,ダイハツ工業,58
3294,インターワークス,58
1027,東海東京フィナンシャル・ホールディングス,58
645,スカパーＪＳＡＴホールディングス,58
18,三菱ＵＦＪフィナンシャル・グループ,58
2341,大森屋,58
75,積水ハウス,58
1025,東京ドーム,58
3357,アーバンライフ,58
3137,アイビー化粧品,58
2516,エストラスト,58
3004,大東紡織,58
887,石原産業,58
3000,イデアインターナショナル,58
69,旭化成,58
2760,ハウスコム,58
3161,エコノス,57
2867,クエスト,57
1132,双葉電子工業,57
3042,カイノス,57
403,トクヤマ,57
2581,イハラサイエンス,57
509,東芝プラントシステム,57
592,日本調剤,57
2480,イチカワ,57
1116,イチネンホールディングス,57
3207,ヒューマンウェブ,57
1768,ユナイテッド・アーバン投資法人　投資証券,57
801,三菱製鋼,57
659,ユニチカ,57
3148,アストマックス,57
1970,テンポスバスターズ,57
2893,ユニリタ,57
3430,ジャストプランニング,57
3341,オウケイウェイヴ,57
3237,日本フォームサービス,57
418,ＪＶＣケンウッド,57
3263,東福製粉,57
2120,東洋テック,57
84,大林組,57
2908,メディアフラッグ,57
3195,アクモス,57
2555,タカチホ,57
2824,タナベ経営,57
423,シナネンホールディングス,57
2823,カネソウ,57
2197,ケア２１,57
3443,データホライゾン,57
1735,エナリス,57
1832,日本システムウエア,57
2996,植松商会,57
3361,地盤ネットホールディングス,57
901,ヤマナカ,57
141,日本製紙,57
436,ゲオホールディングス,57
3112,第一化成,57
3314,ティムコ,57
2686,カネヨウ,57
3448,ソノコム,57
910,サトーホールディングス,57
729,内田洋行,57
1661,さいか屋,57
3244,ソフトマックス,57
1486,コメ兵,57
1632,日精樹脂工業,57
1843,マースエンジニアリング,57
749,ユナイテッドアローズ,57
2085,ヤマウラ,57
2949,アルファ,57
1203,ダイハツディーゼル,57
977,ユニバーサルエンターテインメント,57
2213,ネクスト,57
1225,三谷セキサン,57
946,上原成商事,57
877,ビー・エム・エル,56
2097,ストリーム,56
730,サイゼリヤ,56
441,イオンディライト,56
3449,武蔵野興業,56
1391,ヨネックス,56
2938,エスプール,56
1244,日本甜菜製糖,56
1893,メタルアート,56
1842,日亜鋼業,56
1501,ユニマット　リタイアメント・コミュニティ,56
451,エクセディ,56
2699,三ッ星,56
1621,北海道中央バス,56
2690,平安レイサービス,56
384,パナホーム,56
2813,大研医器,56
359,セガサミーホールディングス,56
2345,ヤマックス,56
1675,スターフライヤー,56
191,ファナック,56
3186,太洋工業,56
2414,遠藤製作所,56
2917,新東,56
3606,インベスコ・オフィス・ジェイリート投資法,56
1413,サトー商会,56
3086,アスカネット,56
1172,東京ＴＹフィナンシャルグループ,56
811,東鉄工業,56
220,日本板硝子,56
320,京王電鉄,56
884,ドウシシャ,56
1794,稲葉製作所,56
222,伊藤忠食品,56
967,日東紡績,56
2443,ハーツユナイテッドグループ,56
1319,エムスリー,56
650,参天製薬,56
3018,昭和システムエンジニアリング,56
2745,ウェルネット,56
517,八千代工業,56
2159,フジ日本精糖,56
3483,フォーシーズホールディングス,56
2573,秀英予備校,56
2307,エスケーアイ,56
2162,鳥羽洋行,56
2599,サイネックス,56
3023,和井田製作所,56
842,三陽商会,56
567,日本製鋼所,56
3417,シンバイオ製薬,56
1143,アイ・テック,56
2020,マルサンアイ,56
1338,三光合成,56
1444,新日本無線,56
1565,エンプラス,56
571,新明和工業,56
1538,巴工業,56
583,大和工業,56
2665,コムチュア,56
2005,鳥越製粉,56
3043,大谷工業,56
2592,サン・ライフ,56
2596,京進,56
587,アダストリア,56
3594,マクニカ・富士エレホールディングス,56
2280,市進ホールディングス,55
579,フォスター電機,55
1333,ネクステージ,55
3572,ジーンテクノサイエンス,55
3050,太平製作所,55
1575,テーオー小笠原,55
309,五洋建設,55
2603,エー・ディー・ワークス,55
562,中央魚類,55
792,イエローハット,55
550,日新,55
395,東洋エンジニアリング,55
3069,プレシジョン・システム・サイエンス,55
85,阪和興業,55
2260,ジェーシー・コムサ,55
1950,三洋堂ホールディングス,55
2998,ウェッジホールディングス,55
3598,アクティビア・プロパティーズ投資法人　投,55
1945,富士ピー・エス,55
2240,マイスターエンジニアリング,55
2238,ダイニチ工業,55
59,東京瓦斯,55
3559,ジーエヌアイグループ,55
1607,グランディハウス,55
1935,前田工繊,55
927,日本車輌製造,55
934,日本電子,55
148,住友林業,55
1497,日邦産業,55
153,第一三共,55
2089,ユニオンツール,55
745,西華産業,55
539,ミスミグループ本社,55
2966,オールアバウト,55
2793,サイバーコム,55
1488,愛媛銀行,55
2386,トレーディア,55
1017,オエノンホールディングス,55
527,愛三工業,55
2515,オカダアイヨン,55
1834,ヴィンクス,55
2204,ジーエルサイエンス,55
3110,豊商事,55
525,エービーシー・マート,55
3313,フィックスターズ,55
3530,エムケイシステム,55
1466,ジュンテンドー,55
3527,アイビーシー,55
2502,知多鋼業,55
3507,オークファン,55
1803,アドバネクス,55
1460,岩手銀行,55
709,メディアスホールディングス,55
3131,エスエルディー,55
1782,和田興産,55
1083,コスモスイニシア,55
3488,メディアシーク,55
2880,ネットイヤーグループ,55
250,セイノーホールディングス,55
1752,ナ・デックス,55
1137,日新商事,55
1443,トシン・グループ,55
1430,蛇の目ミシン工業,55
835,浜松ホトニクス,55
2512,大泉製作所,54
3080,ジャニス工業,54
3355,省電舎,54
372,三和ホールディングス,54
2215,大和自動車交通,54
326,テンプホールディングス,54
3419,富士山マガジンサービス,54
1883,ダイヤモンドダイニング,54
474,東京建物,54
3048,中央製作所,54
2272,東洋合成工業,54
3233,ストライダーズ,54
1655,東邦アセチレン,54
282,芙蓉総合リース,54
3388,ＧＬＰ投資法人　投資証券,54
2030,ヤマトインターナショナル,54
1076,泉州電業,54
785,インターネットイニシアティブ,54
2645,ダイジェット工業,54
1496,じもとホールディングス,54
2527,日本エム・ディ・エム,54
288,ベネッセホールディングス,54
2682,星医療酸器,54
1820,日東工器,54
997,テクノアソシエ,54
1389,長府製作所,54
1224,東京エネシス,54
417,アマダホールディングス,54
3615,野村不動産マスターファンド投資法人　投資,54
699,東洋建設,53
2182,シード,53
532,ゼビオホールディングス,53
2080,新潟交通,53
2314,ペガサスミシン製造,53
3370,イトーヨーギョー,53
634,ジョイフル本田,53
2032,共成レンテム,53
2679,アイスタイル,53
786,東洋鋼鈑,53
1819,シー・ヴイ・エス・ベイエリア,53
131,東邦ホールディングス,53
1420,第一精工,53
2374,藍澤證券,53
1878,日東精工,53
959,第一交通産業,53
2469,ムーンバット,53
2251,ゲンダイエージェンシー,53
252,日立化成,53
1253,サカタのタネ,53
565,椿本チエイン,53
1699,前田製作所,53
2497,東洋ビジネスエンジニアリング,53
3455,細谷火工,53
1281,テクノ菱和,53
2656,システムリサーチ,53
1900,大田花き,53
235,稲畑産業,53
413,三協立山,53
101,ヤマハ発動機,53
1438,旭ダイヤモンド工業,53
2600,シダー,53
920,大豊工業,53
3602,ＳＩＡ不動産投資法人　投資証券,53
1922,第一屋製パン,53
290,中外製薬,53
1013,ルネサスイーストン,53
1193,ウッドワン,52
2233,ゼニス羽田ホールディングス,52
3194,ユニバーサル園芸社,52
1194,Ｊトラスト,52
2724,サンウッド,52
2987,ソースネクスト,52
3190,グラファイトデザイン,52
1335,山梨中央銀行,52
1334,はるやま商事,52
2582,アトミクス,52
1178,トモニホールディングス,52
737,名村造船所,52
3079,多摩川ホールディングス,52
2060,マミヤ・オーピー,52
2214,ハリマビステム,52
1617,スタジオアリス,52
1958,創通,52
73,日本通運,52
2115,住石ホールディングス,52
342,ファミリーマート,52
1875,塩水港精糖,52
1869,電算システム,52
442,トッパン・フォームズ,52
118,トヨタ紡織,52
1503,ファースト住建,52
3123,大和重工,52
787,トナミホールディングス,52
1868,ウェッズ,52
2632,テクノスマート,52
2403,シーボン,52
1826,川本産業,52
2681,ゼットン,52
3372,メディア工房,52
3150,アミタホールディングス,52
1779,太平洋興発,52
3386,宮越ホールディングス,52
1603,フェリシモ,52
3384,ミナトホールディングス,52
1239,三洋貿易,52
2887,エキサイト,52
366,ヤマエ久野,52
2876,新内外綿,52
663,武蔵精密工業,52
3224,アイフィスジャパン,52
2459,電算,52
1326,フィデアホールディングス,52
1275,タツタ電線,51
1442,澤田ホールディングス,51
1102,東京製綱,51
1770,日本石油輸送,51
378,イオンフィナンシャルサービス,51
3500,ぷらっとホーム,51
1125,不動テトラ,51
3576,ジオネクスト,51
6,日立製作所,51
3144,エヌ・ティ・ティ・データ・イントラマート,51
1731,トライステージ,51
2139,早稲田アカデミー,51
638,東京製鐵,51
2271,東祥,51
1154,大阪製鐵,51
2533,ウチダエスコ,51
471,菱電商事,51
3235,アルメディオ,51
3180,イー・ギャランティ,51
2034,大同信号,51
2189,Ｂ−Ｒ　サーティワン　アイスクリーム,51
110,ジェイテクト,51
27,ＮＴＴドコモ,51
1162,東京精密,51
116,王子ホールディングス,51
1507,パナソニック　デバイスＳＵＮＸ,51
3617,パイプドＨＤ,51
3322,ネクストジェン,51
3340,精養軒,51
3107,名古屋木材,51
2747,日本ＢＳ放送,51
2263,北沢産業,51
3318,エスティック,51
1583,安田倉庫,51
1897,オプテックス,51
2503,毎日コムネット,51
1956,かどや製油,51
132,明治ホールディングス,51
1547,インフォコム,51
911,京葉瓦斯,51
137,三菱地所,51
909,太平洋工業,51
1344,千代田インテグレ,51
50,大和ハウス工業,51
3309,イナリサーチ,51
1860,土屋ホールディングス,50
237,ダイワボウホールディングス,50
1923,ジーエフシー,50
1566,東洋電機製造,50
2236,大丸エナウィン,50
2740,平山,50
3160,ゴルフ・ドゥ,50
2499,日本Ｍ＆Ａセンター,50
3549,ドーン,50
2601,昭和ホールディングス,50
2605,ヤマシンフィルタ,50
2059,ユタカフーズ,50
3245,東京一番フーズ,50
337,ＡＴグループ,50
3440,アイ・ピー・エス,50
727,グンゼ,50
2753,ＩＧポート,50
603,淀川製鋼所,50
3296,じげん,50
1963,ＳＥＣカーボン,50
3618,メディシノバ・インク,50
2794,明豊ファシリティワークス,50
167,住友ゴム工業,50
2264,ハピネス・アンド・ディ,50
1379,ノエビアホールディングス,50
468,愛知製鋼,50
1968,ウチヤマホールディングス,50
1232,テイクアンドギヴ・ニーズ,50
1238,アイナボホールディングス,50
2764,岡山製紙,50
1151,三井松島産業,50
108,ヤマトホールディングス,50
477,住友大阪セメント,50
683,プレナス,50
457,相鉄ホールディングス,50
3477,モルフォ,50
677,エフ・シー・シー,50
3143,ビジネス・ワンホールディングス,50
3518,ユビキタス,50
2922,インテア・ホールディングス,50
2019,イムラ封筒,50
1260,藤商事,50
3147,サイタホールディングス,50
3228,ＴＢグループ,50
431,塩野義製薬,50
1059,タキヒヨー,50
2901,エッチ・ケー・エス,50
1630,ＵＴグループ,50
2898,ファーストエスコ,50
840,アサヒホールディングス,50
2171,インフォメーション・ディベロプメント,50
245,任天堂,50
1110,ヒマラヤ,50
2444,ファミリー,50
664,ＮＳユナイテッド海運,50
1425,ウエストホールディングス,50
1615,桑山,50
1090,はごろもフーズ,50
1987,東陽倉庫,50
1445,オーシャンシステム,50
2770,ギャバン,50
2164,ボーソー油脂,50
3415,エンバイオ・ホールディングス,50
3473,ジェイホールディングス,49
109,伊藤忠エネクス,49
3267,ＯＤＫソリューションズ,49
3232,夢の街創造委員会,49
1848,ユニゾホールディングス,49
3476,ヒーハイスト精工,49
1054,永谷園ホールディングス,49
3346,日本ＰＣサービス,49
1530,富士紡ホールディングス,49
138,セイコーエプソン,48
841,サンワテクノス,48
1833,あみやき亭,48
1195,日神不動産,48
2329,ヤマト・インダストリー,48
211,フジ・メディア・ホールディングス,48
2006,ムトー精工,48
710,アース製薬,48
2795,イサム塗料,48
597,吉野家ホールディングス,48
1048,築地魚市場,48
767,淺沼組,48
1398,住友精密工業,48
1979,アドアーズ,48
2362,フォーカスシステムズ,48
3470,インフォテリア,48
155,三愛石油,48
2919,ハウスフリーダム,48
2185,ダイショー,48
2918,シーズメン,48
1814,ハンズマン,48
12,三菱商事,48
3575,カイオム・バイオサイエンス,48
2840,ありがとうサービス,48
3231,そーせいグループ,48
1366,サノヤスホールディングス,48
702,ホシデン,47
3167,モーニングスター,47
1733,松本油脂製薬,47
1880,トーシン,47
958,住江織物,47
86,ＡＮＡホールディングス,47
2716,新日本建物,47
594,共英製鋼,47
1279,セプテーニ・ホールディングス,47
2483,ＣＳＳホールディングス,47
3100,アルバイトタイムス,47
726,ＳＢＳホールディングス,47
1984,ヤマノホールディングス,47
1964,ＧＭＯアドパートナーズ,47
1524,あい　ホールディングス,47
667,久光製薬,47
3104,銀座山形屋,47
3,日産自動車,47
2960,エヌアイシ・オートテック,47
2349,オオバ,46
370,プリマハム,46
2396,ウェザーニューズ,46
1262,ＫＩホールディングス,46
731,アーレスティ,46
2853,ＣＥホールディングス,46
3111,ビーイング,46
2461,安川情報システム,46
1263,高見澤,46
2299,フジプレアム,46
1643,石光商事,46
735,ＶＴホールディングス,46
1086,天馬,46
3638,第一商品,46
2526,日水製薬,46
434,不二製油グループ本社,46
376,ＪＫホールディングス,46
3099,Ｊストリーム,46
5,ＪＸホールディングス,46
2921,ティーライフ,46
1766,セゾン情報システムズ,46
1160,オプトホールディング,46
2216,ＪＰホールディングス,46
90,ＬＩＸＩＬグループ,46
1813,前澤工業,46
3441,エム・エイチ・グループ,46
221,横浜ゴム,46
675,島忠,46
743,日本無線,46
3063,オプテックス・エフエー,46
3460,ジーダット,46
2965,メンバーズ,46
80,商船三井,46
1899,ヴィア・ホールディングス,46
356,ＩＴホールディングス,46
942,マミーマート,46
1791,滝沢ハム,46
3497,メディアファイブ,45
3402,エムティジェネックス,45
2537,南総通運,45
3421,夢みつけ隊,45
2405,Ｍｉｎｏｒｉソリューションズ,45
461,昭和産業,45
607,住友倉庫,45
871,沢井製薬,45
482,明電舎,45
947,住友精化,45
190,三菱ＵＦＪリース,45
2672,ジーンズメイト,45
3203,ソフィアホールディングス,45
1672,サンヨーハウジング名古屋,45
280,日産車体,45
518,三菱製紙,45
1795,ミサワホーム中国,45
388,イビデン,45
3230,日本一ソフトウェア,45
1378,太陽ホールディングス,45
899,オーエスジー,45
1164,モスフードサービス,45
1079,王将フードサービス,45
1929,アルファシステムズ,44
1474,扶桑電通,44
1117,東和薬品,44
352,西日本鉄道,44
684,エヌ・ティ・ティ都市開発,44
2559,ＯＡＴアグリオ,44
1787,エンシュウ,44
2031,エーアイテイー,44
32,ジェイ　エフ　イー　ホールディングス,44
175,東ソー,44
1265,図書印刷,44
3320,ワットマン,44
1124,大庄,44
915,不二サッシ,44
995,Ｋ＆Ｏエナジーグループ,44
2407,スター・マイカ,44
301,テイ・エス　テック,44
2942,システムズ・デザイン,44
2151,大東港運,44
3545,ディー・ディー・エス,44
2708,青山財産ネットワークス,44
2886,ＧＭＯペイメントゲートウェイ,44
3381,ディア・ライフ,44
2066,ホットマン,44
2881,コスモ・バイオ,44
1892,内海造船,44
988,持田製薬,44
1550,遠藤照明,43
1303,サンヨーホームズ,43
599,松田産業,43
1825,福留ハム,43
1549,エフ・ジェー・ネクスト,43
1599,ゼット,43
1314,ヤマダ・エスバイエルホーム,43
2336,エス・ディー・エス　バイオテック,43
951,ＪＢＣＣホールディングス,43
1730,長野日本無線,43
2217,大石産業,43
1781,ＪＦＥコンテイナー,43
3225,イード,43
1718,東亜石油,43
3490,ウェルス・マネジメント,43
1126,富士古河Ｅ＆Ｃ,42
97,三井不動産,42
2140,ＴＤＣソフトウェアエンジニアリング,42
1624,オーナンバ,42
3577,ＭＡＧねっとホールディングス,42
1667,ＡＣＫグループ,42
1322,日東富士製粉,42
3155,ＵＬＳグループ,42
720,ネットワンシステムズ,42
2037,ダイオーズ,42
3269,タウンニュース社,42
2885,玉井商船,42
1005,中央発條,42
1472,神栄,42
1597,協和日成,42
1570,エー・アンド・デイ,42
20,伊藤忠商事,42
1118,日比谷総合設備,42
1345,日新製糖,42
3170,エムジーホーム,42
3306,Ｎ・フィールド,42
1719,朝日印刷,41
3308,ＮＦＫホールディングス,41
3553,Ｔ＆Ｃホールディングス,41
1749,富士通ビー・エス・シー,41
3335,ネクストウェア,41
1192,丹青社,41
1669,エフティグループ,41
1600,ファインシンター,41
1517,ＥＰＳホールディングス,41
1850,ＷＤＢホールディングス,41
894,ユアサ・フナショク,41
294,大王製紙,41
3368,イー・ガーディアン,41
596,ＴＳＩホールディングス,41
424,ＵＫＣホールディングス,41
975,Ｇ−７ホールディングス,41
1995,Ｅ・Ｊホールディングス,41
2514,ＥＲＩホールディングス,41
580,アインファーマシーズ,41
306,ＤＣＭホールディングス,41
2291,新星堂,41
1628,ＳＲＡホールディングス,41
1494,アオイ電子,41
1230,アウトソーシング,41
462,ＳＢＩホールディングス,41
2730,ワイヤレスゲート,41
2695,旭情報サービス,41
386,ＯＵＧホールディングス,41
55,Ｔ＆Ｄホールディングス,41
2913,ＰＣＩホールディングス,41
2207,初穂商事,40
51,シャープ,40
2449,イフジ産業,40
2078,イートアンド,40
3192,ＡＫＩＢＡホールディングス,40
1556,ニチバン,40
396,ユニプレス,40
744,サンゲツ,40
311,フタバ産業,40
940,日伝,40
2743,アバント,40
1903,ダイベア,40
2482,東邦システムサイエンス,40
172,三井造船,40
180,帝人,40
2262,自重堂,40
3463,アドベンチャー,40
182,資生堂,40
2563,トーイン,40
536,トーホー,40
2982,シーティーエス,40
187,長瀬産業,40
2933,大運,40
1142,藤井産業,40
2350,サイバネットシステム,40
2022,ツツミ,40
2114,名糖産業,40
670,ユーシン,40
1609,デイ・シイ,40
724,ディー・エヌ・エー,40
1121,マンダム,40
2011,トーソー,40
618,トーメンデバイス,40
2903,ハチバン,40
192,電通,40
581,佐藤商事,40
2292,ワイエイシイ,40
547,サイバーエージェント,40
1774,東映アニメーション,40
439,ショーワ,40
289,三谷商事,40
2916,ニットー,40
865,メタウォーター,40
246,エーザイ,40
2785,ユナイテッド,40
2635,ユニカフェ,40
3017,ＫｅｅＰｅｒ技研,40
2877,蔵王産業,40
1140,住友不動産販売,40
362,アサツー　ディ・ケイ,39
1415,イオンファンタジー,38
1063,太平電業,38
3165,ダイヤ通商,38
714,住友電設,38
3395,ファーマフーズ,38
3256,セイヒョー,38
1370,アルファＣｏ,38
1023,ＯＣＨＩホールディングス,38
8,豊田通商,38
1839,菱友システムズ,38
1462,ＯＳＪＢホールディングス,38
2625,東和フードサービス,38
2229,ジャストシステム,38
3464,みんなのウェディング,38
1185,永大産業,38
88,日野自動車,38
2871,ＳＤエンターテイメント,38
588,ＡＯＫＩホールディングス,38
1937,ＩＣＤＡホールディングス,38
521,エスフーズ,38
2322,シイエム・シイ,38
287,ＤＯＷＡホールディングス,38
2309,冨士ダイス,38
2351,サンメッセ,38
1285,大成温調,37
3281,サハダイヤモンド,37
805,橋本総業,37
302,ＫＮＴ−ＣＴホールディングス,37
473,ＳＣＲＥＥＮホールディングス,37
1693,巴川製紙所,37
1525,アートネイチャー,37
2448,養命酒製造,37
30,デンソー,37
77,いすゞ自動車,37
762,西松屋チェーン,37
1584,小津産業,37
3554,ジグソー,37
1399,サンデー,37
1158,三谷産業,37
2176,東洋シヤッター,37
3127,システム情報,37
1658,杉本商事,37
176,住友不動産,37
3436,アドバンスト・メディア,37
1780,ムゲンエステート,37
2574,イーエムシステムズ,37
3037,浜井産業,37
3184,バナーズ,37
1307,デンヨー,37
1614,スズデン,37
1440,ミヨシ油脂,36
421,スターゼン,36
1573,アミューズ,36
2771,増田製粉所,36
1107,ＷＯＷＯＷ,36
14,イオン,36
885,ジーフット,36
2789,シーマ,36
3432,メディネット,36
2295,いであ,36
3260,テイン,36
3482,ビーマップ,36
3347,夢展望,36
2808,シード平和,36
1223,ニッタ,36
1765,フジオフードシステム,36
1052,メッセージ,36
2296,日東製網,36
1499,エンチョー,36
23,富士通,35
2244,アドヴァン,35
487,太陽誘電,35
297,ユアサ商事,35
2848,日創プロニティ,35
773,合同製鐵,35
1317,日東ベスト,35
16,東芝,35
358,日立造船,35
2243,ナイガイ,35
1976,ＭＵＴＯＨホールディングス,35
582,ＴＯＫＡＩホールディングス,35
3505,エイジア,35
3219,ＫＹＣＯＭホールディングス,35
740,大水,35
3422,エーワン精密,35
3113,エフアンドエム,35
165,太平洋セメント,35
718,第一実業,35
2235,ヒガシトゥエンティワン,35
1394,シモジマ,35
1955,エイチアンドエフ,35
1418,チムニー,35
3379,ＧＭＯリサーチ,35
33,住友商事,35
3517,ＪＡＬＣＯホールディングス,35
1664,ダイイチ,35
3311,アズジェント,35
2627,アゼアス,35
2663,美濃窯業,35
2812,ＪＥＳＣＯホールディングス,35
2090,平和紙業,35
2241,日東エフシー,35
2382,ＡＦＣ−ＨＤアムスライフサイエンス,34
3400,インサイト,34
1045,朝日放送,34
2702,トスネット,34
1982,アイネット,34
3054,マネースクウェアＨＤ,34
3193,小野産業,34
146,味の素,34
1910,サガミチェーン,34
644,アドバンテスト,34
700,富士ソフト,34
1700,Ａｓ−ｍｅエステール,34
1368,応用地質,34
1,トヨタ自動車,33
456,三井ホーム,33
1701,東邦チタニウム,33
363,東洋紡,33
1689,ドミー,33
2518,サニーサイドアップ,33
2827,朝日ネット,33
1639,ミタチ産業,33
232,東邦瓦斯,33
1058,尾家産業,33
2546,鈴与シンワート,33
2311,エヌアイデイ,33
2041,さが美,33
2685,エイアンドティー,33
2714,攝津製油,33
2363,エス・エム・エス,33
103,エヌ・ティ・ティ・データ,33
3364,応用技術,33
2934,日住サービス,32
3151,日本製麻,32
1471,壱番屋,32
2439,ヤーマン,32
3581,アジェット,32
2566,ＭＣＵＢＳ　ＭｉｄＣｉｔｙ投資法人　投資,32
961,名鉄運輸,32
2816,サイボー,32
643,サンエー,32
2319,オーイズミ,32
794,東邦亜鉛,32
300,山善,32
3282,サンバイオ,32
2101,新潟放送,32
2718,オービス,32
789,ダイヘン,32
784,デサント,32
1156,ユー・エス・エス,32
1889,セメダイン,32
1901,長大,32
2136,ディップ,32
769,東都水産,32
3001,サイボウズ,32
2831,ダイサン,32
1310,アズワン,32
3494,エス・サイエンス,32
2835,ジェイエスエス,32
200,エディオン,32
1602,サンオータス,31
1828,ティー・ワイ・オー,31
2418,アイ・エス・ビー,31
1505,明和地所,31
1282,杉田エース,31
3085,インフォマート,31
208,エア・ウォーター,31
1642,アドウェイズ,31
1039,松屋フーズ,31
834,オープンハウス,31
3492,ＣＲＩ・ミドルウェア,31
499,青山商事,31
703,日本曹達,31
3431,エムビーエス,31
2406,トーヨーアサノ,31
3428,エイティング,31
3555,フォーサイド,31
3424,ワイエスフード,31
1508,ダイユーエイト,31
2103,盟和産業,30
1157,ホウスイ,30
1343,大光,30
1726,東洋埠頭,30
2168,エノモト,30
2381,東洋精糖,30
1612,ムサシ,30
249,ＴＯＴＯ,30
851,ＧＭＯインターネット,30
853,ニチモウ,30
2095,ジェーソン,30
375,シマノ,30
928,三井製糖,30
199,岩谷産業,30
713,明和産業,30
881,Ｏｌｙｍｐｉｃグループ,30
261,エイチ・アイ・エス,30
3469,サイバーステップ,30
3468,イメージ　ワン,30
2306,阿波製紙,30
1455,あさひ,30
1619,システナ,30
3573,ウインテスト,28
585,エイチワン,28
1694,東洋炭素,28
3238,イマジニア,28
1325,スター精密,28
336,東洋水産,28
2773,ファステップス,28
697,東亞合成,28
3290,アイティメディア,28
2332,エイチーム,28
3220,エムアップ,28
3458,オウチーノ,28
1540,ジェイアイエヌ,28
1098,天満屋ストア,28
2376,ハウスドゥ,28
2576,アズマハウス,28
1467,ワタベウェディング,28
648,ミニストップ,28
2419,三ツ知,27
2375,ニチダイ,27
3030,デイトナ,27
2146,はせがわ,27
2850,山王,27
1918,ＲＫＢ毎日放送,27
2473,アサンテ,27
2035,エイジス,27
2694,オーエス,27
2607,アメイズ,27
2723,サダマツ,27
1528,スタートトゥデイ,27
2181,ディーエムエス,27
2359,トーアミ,27
1706,南陽,27
2056,ハナテン,27
1521,アイホン,27
1805,テイツー,27
225,名古屋鉄道,27
1687,平和不動産,27
3145,ＫＧ情報,27
2239,ニッセイ,27
3062,サンセイ,27
2660,ニッチツ,27
2132,エスイー,27
3382,エニグモ,27
2646,オーナミ,27
268,ミネベア,27
1457,ワッツ,26
1695,ダイト,26
2807,メディアドゥ,26
2129,チノー,26
464,ノジマ,26
2117,ジオスター,26
1284,ツガミ,26
233,イズミ,26
3439,ウィズ,26
1176,ユニバンス,26
552,タダノ,26
2411,マニー,26
584,美津濃,26
2275,タビオ,26
214,ティーガイア,26
42,マツダ,26
400,ミツバ,26
3561,ツノダ,26
1978,アツギ,26
3114,ヒップ,26
1183,メガチップス,26
2040,ベネフィット・ワン,26
2112,ＳＦＰダイニング,26
1235,ハニーズ,25
3305,システムソフト,25
1222,ノダ,25
3093,東洋刃物,25
2108,虹技,25
823,ヤギ,25
2410,エヌ・デーソフトウェア,25
394,フジ,25
2409,ソフトウェア・サービス,25
3279,アサヒ衛陶,25
1758,エムティーアイ,24
3373,システム　ディ,24
2790,ＮＫＫスイッチズ,23
1208,ＣＫサンエツ,23
414,ＮＥＣネッツエスアイ,23
318,ミサワホーム,23
944,能美防災,23
3212,ツヴァイ,22
193,豊田合成,22
3511,サイジニア,22
1316,ヤマタネ,22
3342,マツモト,22
693,タマホーム,22
543,東宝,22
833,東映,22
3173,メタップス,22
2157,大成,22
3073,アマテイ,22
3188,タイセイ,22
2133,フェイス,22
2955,ヤマシナ,22
1837,ジー・テイスト,22
313,平和堂,22
3185,Ｃ＆Ｇシステムズ,21
240,大陽日酸,21
1771,チヨダウーテ,21
632,フィード・ワン,21
1647,ＪＦＥシステムズ,21
1332,アトム,20
2891,タツミ,20
2873,アマガサ,20
1377,エステー,20
2851,ＡＣＣＥＳＳ,20
3179,ナビタス,20
1412,アサガミ,20
3053,アビスト,20
3021,山大,20
2061,ヨータイ,20
196,ＮＴＮ,20
106,ＩＨＩ,20
1341,トーセイ,20
2731,ステップ,20
1008,井筒屋,20
2072,アマナ,20
646,やまや,20
2413,ウィザス,20
1581,佐藤渡辺,20
469,いなげや,20
867,ニチハ,20
2312,サンユウ,20
1909,ＯＫＫ,20
1965,ＫＶＫ,20
3637,フジトミ,20
2765,タツモ,20
2324,愛眼,20
3410,イグニス,20
2058,トミタ,20
849,アマノ,20
3558,ｆｏｎｆｕｎ,20
3556,御園座,20
2438,ＫＳＫ,20
1652,ＴＴＫ,20
1688,英和,20
1796,梅の花,18
241,ユニ・チャーム,18
307,伊藤園,18
3397,ＡＳＩＡＮ　ＳＴＡＲ,18
2943,Ａｉｍｉｎｇ,18
2757,スターティア,18
278,伊藤ハム,18
2456,ＧＣＡサヴィアン,17
1829,アネスト岩田,17
721,チヨダ,16
2153,ヒビノ,16
1387,ＯＢＡＲＡ　ＧＲＯＵＰ,16
9,ソニー,16
3034,トーセ,16
1938,ナガワ,16
1520,ナガセ,16
2810,ヤガミ,16
2073,ノザワ,16
3516,アンジェス　ＭＧ,16
308,ヤフー,16
3020,Ｅストアー,16
878,不二家,16
2558,ソトー,16
26,ＫＤＤＩ,15
1580,アイネス,15
81,双日,15
2552,アイティフォー,15
1424,進和,15
3519,ＦＦＲＩ,15
3139,ＳＴＵＤＩＯＵＳ,15
2804,ＡＮＡＰ,15
1367,Ｔ＆Ｋ　ＴＯＫＡ,15
662,ニチアス,15
406,ＳＣＳＫ,15
3414,ＩＴｂｏｏｋ,13
3543,ＣＹＢＥＲＤＹＮＥ,13
1339,ＣＡＣ　Ｈｏｌｄｉｎｇｓ,13
2948,ｅｎｉｓｈ,12
836,ヤマザワ,12
821,ＭｒＭａｘ,12
331,ＮＩＰＰＯ,12
1851,ｇｕｍｉ,12
2049,ＫＬａｂ,12
520,ＡＤＥＫＡ,12
3399,オプティム,12
1798,安永,12
3125,ＲＳ　Ｔｅｃｈｎｏｌｏｇｉｅｓ,11
561,平和,10
3051,ネオス,10
3084,海帆,10
1037,松屋,10
2248,ＫＩＭＯＴＯ,10
1859,ＳＹＳＫＥＮ,10
2082,ヤマウ,10
2267,アスモ,10
2849,ハマイ,10
1352,大和,10
170,ＰＡＬＴＡＣ,10
1723,マツヤ,10
2691,ティア,10
672,ワタミ,10
1716,ＭＡＲＵＷＡ,10
1579,ヤマト,10
2479,ＢＥＥＮＯＳ,10
2364,ＶＯＹＡＧＥ　ＧＲＯＵＰ,10
2161,ＴＡＳＡＫＩ,10
2453,ＳＥＭＩＴＥＣ,8
3509,ｓＭｅｄｉｏ,8
1864,ＭＯＲＥＳＣＯ,8
3481,ＳＯＬ　Ｈｏｌｄｉｎｇｓ,8
1947,サムティ,7
3495,ＵＭＮファーマ,7
2134,アヲハタ,7
1161,ニフティ,7
2906,ＡＭＢＩＴＩＯＮ,7
2273,ＪＣＲファーマ,7
1450,ＭｏｎｏｔａＲＯ,7
458,タチエス,7
3029,Ｈａｍｅｅ,6
3292,ｓａｎｔｅｃ,5
1212,Ｍｉｓｕｍｉ,5
2122,ＪＣＵ,1
2821,ＪＥＵＧＩＡ,1
3564,ＲＩＳＥ,1
2825,ＩＭＶ,1
2320,ＳＨＯ−ＢＩ,1
3304,ＧＭＯ　ＴＥＣＨ,1
1175,ＧＭＢ,1
1967,ＷＤＩ,1
3298,ｅＢＡＳＥ,1
1166,ＳＭＫ,1
2815,ＣＤＳ,1
2838,ミサワ,1
168,ＤＩＣ,1
3289,Ｇｕｎｏｓｙ,1
1981,Ｕ−ＮＥＸＴ,1
2298,ＡＧＳ,1
2680,ＺＯＡ,1
493,ＳＵＭＣＯ,1
1129,ＵＳＥＮ,1
3274,ＳＨＩＦＴ,1
514,ＴＨＫ,1
1108,ＥＩＺＯ,1
1986,ＰＡＬＴＥＫ,1
2286,ＮＣＳ＆Ａ,1
1105,ＮＤＳ,1
3358,ＦＵＪＩＫＯＨ,1
1416,ＫＯＡ,1
3268,ＩＢＪ,1
1089,ＤＴＳ,1
1446,ＴＯＡ,1
1073,ＦＤＫ,1
2367,ＮＪＳ,1
3321,２１ＬＡＤＹ,1
1492,ＮＳＤ,1
2057,ＴＯＷＡ,1
346,ＫＹＢ,1
3524,ＭＲＴ,1
1026,ＰＬＡＮＴ,1
1024,ＣＫＤ,1
1509,ＩＤＥＣ,1
197,ＮＯＫ,1
2237,ＣＩＪ,1
2968,ＵＢＩＣ,1
2970,ＦＰＧ,1
2069,ＦＣＭ,1
890,ＭＣＪ,1
325,ＪＳＲ,1
1531,ＵＥＸ,1
3514,ＡＬＢＥＲＴ,1
2417,ＪＩＥＣ,1
861,ＪＵＫＩ,1
1536,ＮａＩＴＯ,1
1270,ＪＭＳ,1
2591,ＣＤＧ,1
1572,ＡＳＴＩ,1
831,ＪＡＬＵＸ,1
1816,ＡＯＩ　Ｐｒｏ．,1
809,ＪＳＰ,1
1402,ＴＢＫ,1
2435,ＳＨＯＥＩ,1
303,ヤマハ,1
3056,ＪＭＡＣＳ,1
3205,ＴＲＵＣＫ−ＯＮＥ,1
3060,ＲＶＨ,1
1277,ＴＫＣ,1
2135,ＴＡＣ,1
3199,Ｍｉｐｏｘ,1
3077,ＴＯＮＥ,1
1587,ＳＰＫ,1
139,ＴＤＫ,1
292,ＳＭＣ,1
2534,田谷,1
637,ＴＰＲ,1
270,ＨＯＹＡ,1
706,ＳＡＮＫＹＯ,1
234,ＵＡＣＪ,1
3487,ＡＳＪ,1
1773,ＳＪＩ,1
3640,ＧＦＡ,1
3641,ＵＣＳ,1
2755,ＹＫＴ,1
